timeOpen;timeClose;timeHigh;timeLow;name;open;high;low;close;volume;marketCap;timestamp
"2025-06-30T00:00:00.000Z";"2025-06-30T23:59:59.999Z";"2025-06-30T00:28:00.000Z";"2025-06-30T15:22:00.000Z";"2781";18.741649242;18.8399634397;17.7498725625;17.9748633538;282289661.83;7587197821.86;"2025-06-30T23:59:59.999Z"
"2025-06-29T00:00:00.000Z";"2025-06-29T23:59:59.999Z";"2025-06-29T23:07:00.000Z";"2025-06-29T04:04:00.000Z";"2781";17.9817163499;18.8641714555;17.8148783221;18.741649242;209495241.1;7910543046.33;"2025-06-29T23:59:59.999Z"
"2025-06-28T00:00:00.000Z";"2025-06-28T23:59:59.999Z";"2025-06-28T19:23:00.000Z";"2025-06-28T01:40:00.000Z";"2781";17.577771714;18.0629335497;17.5026655053;17.9817163499;142224426.32;7589462924.41;"2025-06-28T23:59:59.999Z"
"2025-06-27T00:00:00.000Z";"2025-06-27T23:59:59.999Z";"2025-06-27T16:37:00.000Z";"2025-06-27T01:02:00.000Z";"2781";17.2275904784;17.7324403331;17.1071310867;17.577771714;210772393.06;7418886841.73;"2025-06-27T23:59:59.999Z"
"2025-06-26T00:00:00.000Z";"2025-06-26T23:59:59.999Z";"2025-06-26T03:07:00.000Z";"2025-06-26T15:35:00.000Z";"2781";17.5693738935;17.9863671862;17.1374118715;17.2272992993;235439479.56;7270528144.12;"2025-06-26T23:59:59.999Z"
"2025-06-25T00:00:00.000Z";"2025-06-25T23:59:59.999Z";"2025-06-25T02:14:00.000Z";"2025-06-25T23:08:00.000Z";"2781";18.2263301248;18.3497475044;17.4444210147;17.5693738935;278415199.1;7414640204.33;"2025-06-25T23:59:59.999Z"
"2025-06-24T00:00:00.000Z";"2025-06-24T23:59:59.999Z";"2025-06-24T06:50:00.000Z";"2025-06-24T08:20:00.000Z";"2781";18.0996518204;18.4725417679;17.93408714;18.2263301248;355342749.01;7691778949.55;"2025-06-24T23:59:59.999Z"
"2025-06-23T00:00:00.000Z";"2025-06-23T23:59:59.999Z";"2025-06-23T22:33:00.000Z";"2025-06-23T16:38:00.000Z";"2781";16.4998790221;18.1757449618;16.3220706522;18.0996518204;519115910.93;7638202958.78;"2025-06-23T23:59:59.999Z"
"2025-06-22T00:00:00.000Z";"2025-06-22T23:59:59.999Z";"2025-06-22T00:38:00.000Z";"2025-06-22T20:20:00.000Z";"2781";16.7911450835;17.0860888972;15.7096694057;16.4998811104;443647757.89;6962916629.89;"2025-06-22T23:59:59.999Z"
"2025-06-21T00:00:00.000Z";"2025-06-21T23:59:59.999Z";"2025-06-21T03:52:00.000Z";"2025-06-21T23:49:00.000Z";"2781";17.3685809461;17.6317435687;16.5063578218;16.7902117502;326372168.02;7085742695.24;"2025-06-21T23:59:59.999Z"
"2025-06-20T00:00:00.000Z";"2025-06-20T23:59:59.999Z";"2025-06-20T08:20:00.000Z";"2025-06-20T17:41:00.000Z";"2781";18.0652047891;18.3949757198;16.9790226073;17.3685809461;326554009.04;7329269925.39;"2025-06-20T23:59:59.999Z"
"2025-06-19T00:00:00.000Z";"2025-06-19T23:59:59.999Z";"2025-06-19T00:35:00.000Z";"2025-06-19T17:00:00.000Z";"2781";18.1605427816;18.3700031339;17.6644667232;18.0651588567;315246810.96;7623044928.45;"2025-06-19T23:59:59.999Z"
"2025-06-18T00:00:00.000Z";"2025-06-18T23:59:59.999Z";"2025-06-18T04:49:00.000Z";"2025-06-18T13:31:00.000Z";"2781";18.6224142116;18.8859677792;18.0958001133;18.1607863929;326360201.63;7663176504.61;"2025-06-18T23:59:59.999Z"
"2025-06-17T00:00:00.000Z";"2025-06-17T23:59:59.999Z";"2025-06-17T03:13:00.000Z";"2025-06-17T17:16:00.000Z";"2781";19.0780570306;19.4658554977;18.1711180976;18.6224142116;379172703.86;7857683256.29;"2025-06-17T23:59:59.999Z"
"2025-06-16T00:00:00.000Z";"2025-06-16T23:59:59.999Z";"2025-06-16T21:04:00.000Z";"2025-06-16T01:34:00.000Z";"2781";19.114962182;19.9678146674;18.9372277038;19.0789210298;337682962.72;8048066266.44;"2025-06-16T23:59:59.999Z"
"2025-06-15T00:00:00.000Z";"2025-06-15T23:59:59.999Z";"2025-06-15T06:20:00.000Z";"2025-06-15T21:15:00.000Z";"2781";18.9604967935;19.2782403082;18.7800809598;19.1149456643;190913480.34;8063513590.26;"2025-06-15T23:59:59.999Z"
"2025-06-14T00:00:00.000Z";"2025-06-14T23:59:59.999Z";"2025-06-14T00:01:00.000Z";"2025-06-14T17:04:00.000Z";"2781";19.417779676;19.4211456708;18.745544634;18.9603830315;206828235.62;7998297497.08;"2025-06-14T23:59:59.999Z"
"2025-06-13T00:00:00.000Z";"2025-06-13T23:59:59.999Z";"2025-06-13T00:00:00.000Z";"2025-06-13T02:46:00.000Z";"2781";20.3560440492;20.3560440492;18.5268246172;19.4178176191;679579060.36;8191153727.31;"2025-06-13T23:59:59.999Z"
"2025-06-12T00:00:00.000Z";"2025-06-12T23:59:59.999Z";"2025-06-12T00:00:00.000Z";"2025-06-12T20:58:00.000Z";"2781";21.5935022843;21.5936932823;20.201210856;20.3560440492;389684874.76;8586759102.16;"2025-06-12T23:59:59.999Z"
"2025-06-11T00:00:00.000Z";"2025-06-11T23:59:59.999Z";"2025-06-11T14:35:00.000Z";"2025-06-11T22:42:00.000Z";"2781";22.543360136;22.7273640072;21.3623059345;21.5935022843;467715657.12;9108688926.25;"2025-06-11T23:59:59.999Z"
"2025-06-10T00:00:00.000Z";"2025-06-10T23:59:59.999Z";"2025-06-10T23:59:00.000Z";"2025-06-10T06:10:00.000Z";"2781";21.952025732;22.5461277813;21.5451513902;22.543360136;531852889.31;9509129030.31;"2025-06-10T23:59:59.999Z"
"2025-06-09T00:00:00.000Z";"2025-06-09T23:59:59.999Z";"2025-06-09T23:46:00.000Z";"2025-06-09T08:28:00.000Z";"2781";21.0558704001;21.9934819619;20.2446451521;21.952025732;418466692.39;9258560197.63;"2025-06-09T23:59:59.999Z"
"2025-06-08T00:00:00.000Z";"2025-06-08T23:59:59.999Z";"2025-06-08T21:58:00.000Z";"2025-06-08T10:11:00.000Z";"2781";20.6751819467;21.4725102607;20.1766996215;21.0558704001;311045653.47;8880529307.1;"2025-06-08T23:59:59.999Z"
"2025-06-07T00:00:00.000Z";"2025-06-07T23:59:59.999Z";"2025-06-07T11:44:00.000Z";"2025-06-07T00:19:00.000Z";"2781";19.6684674098;21.1181381223;19.6050970864;20.6751819467;260705819.08;8719822167.18;"2025-06-07T23:59:59.999Z"
"2025-06-06T00:00:00.000Z";"2025-06-06T23:59:59.999Z";"2025-06-06T15:17:00.000Z";"2025-06-06T00:24:00.000Z";"2781";18.7961905939;19.9287456782;18.7178492298;19.6684619544;307730766.31;8295155900.64;"2025-06-06T23:59:59.999Z"
"2025-06-05T00:00:00.000Z";"2025-06-05T23:59:59.999Z";"2025-06-05T13:11:00.000Z";"2025-06-05T21:16:00.000Z";"2781";20.1466550599;20.5336743022;18.4867037847;18.7966271341;476076764.34;7924651180.92;"2025-06-05T23:59:59.999Z"
"2025-06-04T00:00:00.000Z";"2025-06-04T23:59:59.999Z";"2025-06-04T02:12:00.000Z";"2025-06-04T21:08:00.000Z";"2781";21.1496499951;21.6196167157;20.1311432718;20.147211231;327713101.15;8493853905.7;"2025-06-04T23:59:59.999Z"
"2025-06-03T00:00:00.000Z";"2025-06-03T23:59:59.999Z";"2025-06-03T02:06:00.000Z";"2025-06-03T21:58:00.000Z";"2781";21.1821102524;21.68294153;20.9696943668;21.149674163;342488538.02;8916288482.99;"2025-06-03T23:59:59.999Z"
"2025-06-02T00:00:00.000Z";"2025-06-02T23:59:59.999Z";"2025-06-02T22:28:00.000Z";"2025-06-02T11:47:00.000Z";"2781";20.873411237;21.2686002199;20.2769483735;21.1820974432;323844038.53;8929670678;"2025-06-02T23:59:59.999Z"
"2025-06-01T00:00:00.000Z";"2025-06-01T23:59:59.999Z";"2025-06-01T22:16:00.000Z";"2025-06-01T12:40:00.000Z";"2781";20.8008160773;20.9698851916;20.2392890301;20.873411237;244389466.06;8798654534.56;"2025-06-01T23:59:59.999Z"
"2025-05-31T00:00:00.000Z";"2025-05-31T23:59:59.999Z";"2025-05-31T21:12:00.000Z";"2025-05-31T03:22:00.000Z";"2781";20.555706844;21.1171648878;19.8333858159;20.8008160773;390994869.35;8767706796.77;"2025-05-31T23:59:59.999Z"
"2025-05-30T00:00:00.000Z";"2025-05-30T23:59:59.999Z";"2025-05-30T00:14:00.000Z";"2025-05-30T23:30:00.000Z";"2781";22.2471169459;22.3285516557;20.5505967429;20.555563459;607428818.72;8664067941.01;"2025-05-30T23:59:59.999Z"
"2025-05-29T00:00:00.000Z";"2025-05-29T23:59:59.999Z";"2025-05-29T03:35:00.000Z";"2025-05-29T23:53:00.000Z";"2781";23.5540144736;24.3049194025;22.2375143203;22.2471876;552513609.57;9370108164.03;"2025-05-29T23:59:59.999Z"
"2025-05-28T00:00:00.000Z";"2025-05-28T23:59:59.999Z";"2025-05-28T12:43:00.000Z";"2025-05-28T20:02:00.000Z";"2781";23.3734786419;23.7551292212;22.8205488156;23.5542709032;350882678.54;9920039844.94;"2025-05-28T23:59:59.999Z"
"2025-05-27T00:00:00.000Z";"2025-05-27T23:59:59.999Z";"2025-05-27T13:22:00.000Z";"2025-05-27T01:25:00.000Z";"2781";23.0721491204;23.8583484174;22.563859141;23.373483275;413600079.64;9843842774.09;"2025-05-27T23:59:59.999Z"
"2025-05-26T00:00:00.000Z";"2025-05-26T23:59:59.999Z";"2025-05-26T08:18:00.000Z";"2025-05-26T19:43:00.000Z";"2781";23.4411198594;23.9760160246;22.9195989943;23.0721460893;322936501.62;9716265233.3;"2025-05-26T23:59:59.999Z"
"2025-05-25T00:00:00.000Z";"2025-05-25T23:59:59.999Z";"2025-05-25T23:11:00.000Z";"2025-05-25T15:28:00.000Z";"2781";22.9777212418;23.4516770234;22.0687019068;23.4417095228;294646906.02;9871439794.17;"2025-05-25T23:59:59.999Z"
"2025-05-24T00:00:00.000Z";"2025-05-24T23:59:59.999Z";"2025-05-24T03:26:00.000Z";"2025-05-24T23:10:00.000Z";"2781";23.031258622;23.4530797213;22.7858390601;22.9777212418;331302369.75;9676044191.11;"2025-05-24T23:59:59.999Z"
"2025-05-23T00:00:00.000Z";"2025-05-23T23:59:59.999Z";"2025-05-23T09:57:00.000Z";"2025-05-23T23:50:00.000Z";"2781";25.2409549306;25.9523927026;22.9710214933;23.029864289;722455405.17;9697883601.58;"2025-05-23T23:59:59.999Z"
"2025-05-22T00:00:00.000Z";"2025-05-22T23:59:59.999Z";"2025-05-22T14:35:00.000Z";"2025-05-22T00:03:00.000Z";"2781";23.1886281432;25.3900922266;23.1740388157;25.2405484133;728718313.58;10627962024.61;"2025-05-22T23:59:59.999Z"
"2025-05-21T00:00:00.000Z";"2025-05-21T23:59:59.999Z";"2025-05-21T16:49:00.000Z";"2025-05-21T02:23:00.000Z";"2781";22.583382034;23.7670356512;22.2450732677;23.1880135625;546490908.5;9763147659.85;"2025-05-21T23:59:59.999Z"
"2025-05-20T00:00:00.000Z";"2025-05-20T23:59:59.999Z";"2025-05-20T02:28:00.000Z";"2025-05-20T18:58:00.000Z";"2781";22.2727957922;22.8019558722;21.7975641957;22.5832538288;357550193.3;9504959133.1;"2025-05-20T23:59:59.999Z"
"2025-05-19T00:00:00.000Z";"2025-05-19T23:59:59.999Z";"2025-05-19T00:10:00.000Z";"2025-05-19T07:01:00.000Z";"2781";23.0895664256;23.1477061125;21.3031575905;22.2727957922;364366342.65;9371110612.89;"2025-05-19T23:59:59.999Z"
"2025-05-18T00:00:00.000Z";"2025-05-18T23:59:59.999Z";"2025-05-18T15:52:00.000Z";"2025-05-18T20:18:00.000Z";"2781";22.1935965778;23.8322505799;21.7667804537;23.0895664256;435356951.55;9712151851.19;"2025-05-18T23:59:59.999Z"
"2025-05-17T00:00:00.000Z";"2025-05-17T23:59:59.999Z";"2025-05-17T04:46:00.000Z";"2025-05-17T22:32:00.000Z";"2781";23.0909985338;23.1045715953;21.9990973809;22.1935965778;298929780.62;9333922077.55;"2025-05-17T23:59:59.999Z"
"2025-05-16T00:00:00.000Z";"2025-05-16T23:59:59.999Z";"2025-05-16T05:25:00.000Z";"2025-05-16T22:53:00.000Z";"2781";23.4350188186;24.0302555926;22.7334284974;23.0911235338;365753876.47;9671478308.03;"2025-05-16T23:59:59.999Z"
"2025-05-15T00:00:00.000Z";"2025-05-15T23:59:59.999Z";"2025-05-15T00:53:00.000Z";"2025-05-15T23:24:00.000Z";"2781";24.986041788;25.0985750847;23.0273046405;23.4339044612;582877001.98;9813514553.84;"2025-05-15T23:59:59.999Z"
"2025-05-14T00:00:00.000Z";"2025-05-14T23:59:59.999Z";"2025-05-14T06:59:00.000Z";"2025-05-14T23:26:00.000Z";"2781";25.7689083108;26.5166202107;24.7817121356;24.9868880815;486613592.31;10460843037.41;"2025-05-14T23:59:59.999Z"
"2025-05-13T00:00:00.000Z";"2025-05-13T23:59:59.999Z";"2025-05-13T19:49:00.000Z";"2025-05-13T04:04:00.000Z";"2781";24.8320026231;26.1986829061;23.5179140196;25.7687674425;512615888.45;10785199910.3;"2025-05-13T23:59:59.999Z"
"2025-05-12T00:00:00.000Z";"2025-05-12T23:59:59.999Z";"2025-05-12T07:34:00.000Z";"2025-05-12T18:53:00.000Z";"2781";24.7524930068;26.7470805427;23.9491387405;24.8320026231;777042214.98;10390384252.24;"2025-05-12T23:59:59.999Z"
"2025-05-11T00:00:00.000Z";"2025-05-11T23:59:59.999Z";"2025-05-11T00:11:00.000Z";"2025-05-11T16:10:00.000Z";"2781";25.8868763455;25.9905504528;24.1989169433;24.7523263401;459372450.16;10355342559.03;"2025-05-11T23:59:59.999Z"
"2025-05-10T00:00:00.000Z";"2025-05-10T23:59:59.999Z";"2025-05-10T23:52:00.000Z";"2025-05-10T01:01:00.000Z";"2781";23.2531891169;25.9447714071;23.0656678178;25.8884116355;641198523.64;10826915094.13;"2025-05-10T23:59:59.999Z"
"2025-05-09T00:00:00.000Z";"2025-05-09T23:59:59.999Z";"2025-05-09T11:27:00.000Z";"2025-05-09T04:43:00.000Z";"2781";22.1094480805;23.9444013591;21.9694324761;23.2531815437;645061541.84;9723120715.58;"2025-05-09T23:59:59.999Z"
"2025-05-08T00:00:00.000Z";"2025-05-08T23:59:59.999Z";"2025-05-08T21:25:00.000Z";"2025-05-08T00:49:00.000Z";"2781";19.5296034228;22.1176140864;19.5098281341;22.1101245943;511566879.75;9242652306.43;"2025-05-08T23:59:59.999Z"
"2025-05-07T00:00:00.000Z";"2025-05-07T23:59:59.999Z";"2025-05-07T01:36:00.000Z";"2025-05-07T18:13:00.000Z";"2781";20.0278164289;20.2174311837;19.1164599826;19.5294707329;269898839.96;8162314152.6;"2025-05-07T23:59:59.999Z"
"2025-05-06T00:00:00.000Z";"2025-05-06T23:59:59.999Z";"2025-05-06T23:51:00.000Z";"2025-05-06T11:55:00.000Z";"2781";19.6851125622;20.1045104745;19.3074575196;20.0281822639;221967591.92;8366895726.8;"2025-05-06T23:59:59.999Z"
"2025-05-05T00:00:00.000Z";"2025-05-05T23:59:59.999Z";"2025-05-05T02:54:00.000Z";"2025-05-05T15:50:00.000Z";"2781";19.9012139118;20.2233726623;19.3437113763;19.6851118262;219716896.86;8223468360.41;"2025-05-05T23:59:59.999Z"
"2025-05-04T00:00:00.000Z";"2025-05-04T23:59:59.999Z";"2025-05-04T00:19:00.000Z";"2025-05-04T23:34:00.000Z";"2781";20.5481150802;20.6299556747;19.8116022714;19.9012761774;184217042.56;8313360103.61;"2025-05-04T23:59:59.999Z"
"2025-05-03T00:00:00.000Z";"2025-05-03T23:59:59.999Z";"2025-05-03T00:13:00.000Z";"2025-05-03T23:39:00.000Z";"2781";21.2483255577;21.2765661053;20.541933184;20.5481150802;166453713.68;8579657706.42;"2025-05-03T23:59:59.999Z"
"2025-05-02T00:00:00.000Z";"2025-05-02T23:59:59.999Z";"2025-05-02T03:16:00.000Z";"2025-05-02T20:04:00.000Z";"2781";21.6456896756;22.1684264242;21.0115607476;21.2483343097;293075580.53;8867940403.33;"2025-05-02T23:59:59.999Z"
"2025-05-01T00:00:00.000Z";"2025-05-01T23:59:59.999Z";"2025-05-01T19:34:00.000Z";"2025-05-01T04:34:00.000Z";"2781";20.9093080814;21.8561805643;20.8342756132;21.6453044731;331775587.83;9028189641.52;"2025-05-01T23:59:59.999Z"
"2025-04-30T00:00:00.000Z";"2025-04-30T23:59:59.999Z";"2025-04-30T03:38:00.000Z";"2025-04-30T14:01:00.000Z";"2781";21.5502341534;21.8965528415;20.5013093057;20.90943483;313894877.11;8718392120.48;"2025-04-30T23:59:59.999Z"
"2025-04-29T00:00:00.000Z";"2025-04-29T23:59:59.999Z";"2025-04-29T08:23:00.000Z";"2025-04-29T23:22:00.000Z";"2781";21.8422162029;22.2769670356;21.3134243286;21.550372378;268553485.16;8979439155.45;"2025-04-29T23:59:59.999Z"
"2025-04-28T00:00:00.000Z";"2025-04-28T23:59:59.999Z";"2025-04-28T08:20:00.000Z";"2025-04-28T01:44:00.000Z";"2781";21.760121872;22.4184309624;21.0899446373;21.8422162029;366359713.45;9096569819.28;"2025-04-28T23:59:59.999Z"
"2025-04-27T00:00:00.000Z";"2025-04-27T23:59:59.999Z";"2025-04-27T01:19:00.000Z";"2025-04-27T17:05:00.000Z";"2781";22.4224030422;22.7731809223;21.7088718802;21.759990008;255674723.99;9058073458.94;"2025-04-27T23:59:59.999Z"
"2025-04-26T00:00:00.000Z";"2025-04-26T23:59:59.999Z";"2025-04-26T02:01:00.000Z";"2025-04-26T13:35:00.000Z";"2781";22.1876686496;22.9392799512;21.7738784713;22.4224988124;288849374.37;9330504568.03;"2025-04-26T23:59:59.999Z"
"2025-04-25T00:00:00.000Z";"2025-04-25T23:59:59.999Z";"2025-04-25T15:28:00.000Z";"2025-04-25T02:58:00.000Z";"2781";22.3579412755;22.8312962602;21.8179719626;22.1880948384;377519227.96;9232703310.23;"2025-04-25T23:59:59.999Z"
"2025-04-24T00:00:00.000Z";"2025-04-24T23:59:59.999Z";"2025-04-24T15:17:00.000Z";"2025-04-24T08:52:00.000Z";"2781";22.3384785822;22.6079770255;21.6615945748;22.3579666544;329239525.56;9302981498.79;"2025-04-24T23:59:59.999Z"
"2025-04-23T00:00:00.000Z";"2025-04-23T23:59:59.999Z";"2025-04-23T09:16:00.000Z";"2025-04-23T00:49:00.000Z";"2781";22.0800997003;23.0500115894;21.9374678157;22.338470652;443596592.38;9294823184.9;"2025-04-23T23:59:59.999Z"
"2025-04-22T00:00:00.000Z";"2025-04-22T23:59:59.999Z";"2025-04-22T23:16:00.000Z";"2025-04-22T00:40:00.000Z";"2781";19.9237553888;22.2687877804;19.5205536519;22.080377478;456889463.69;9187210109.4;"2025-04-22T23:59:59.999Z"
"2025-04-21T00:00:00.000Z";"2025-04-21T23:59:59.999Z";"2025-04-21T08:08:00.000Z";"2025-04-21T00:00:00.000Z";"2781";19.5009523065;20.9012332722;19.5009523065;19.9252110897;347296925.7;8289985373.65;"2025-04-21T23:59:59.999Z"
"2025-04-20T00:00:00.000Z";"2025-04-20T23:59:59.999Z";"2025-04-20T00:26:00.000Z";"2025-04-20T11:55:00.000Z";"2781";19.8933575118;20.0164492538;19.2493340019;19.5009523065;157114042.72;8113380738.22;"2025-04-20T23:59:59.999Z"
"2025-04-19T00:00:00.000Z";"2025-04-19T23:59:59.999Z";"2025-04-19T21:28:00.000Z";"2025-04-19T00:23:00.000Z";"2781";19.0738719395;20.3335525376;19.043198289;19.8936368024;175262076.55;8276681123.18;"2025-04-19T23:59:59.999Z"
"2025-04-18T00:00:00.000Z";"2025-04-18T23:59:59.999Z";"2025-04-18T08:46:00.000Z";"2025-04-18T15:41:00.000Z";"2781";19.0385158224;19.317547461;18.865575603;19.0738719395;121725906.14;7935566860.55;"2025-04-18T23:59:59.999Z"
"2025-04-17T00:00:00.000Z";"2025-04-17T23:59:59.999Z";"2025-04-17T07:31:00.000Z";"2025-04-17T00:22:00.000Z";"2781";18.7586646582;19.5421998733;18.710084661;19.0385158224;192744227.5;7920808188.08;"2025-04-17T23:59:59.999Z"
"2025-04-16T00:00:00.000Z";"2025-04-16T23:59:59.999Z";"2025-04-16T15:28:00.000Z";"2025-04-16T18:02:00.000Z";"2781";19.0365942541;19.2594867917;18.5678483914;18.7591755008;246924498.17;7804469742.12;"2025-04-16T23:59:59.999Z"
"2025-04-15T00:00:00.000Z";"2025-04-15T23:59:59.999Z";"2025-04-15T04:04:00.000Z";"2025-04-15T23:21:00.000Z";"2781";20.0910099639;20.2512093506;18.991570888;19.036459119;269573528.41;7919701080.23;"2025-04-15T23:59:59.999Z"
"2025-04-14T00:00:00.000Z";"2025-04-14T23:59:59.999Z";"2025-04-14T12:43:00.000Z";"2025-04-14T00:03:00.000Z";"2781";19.5866363299;20.5969314122;19.5813009794;20.0918702867;393253372.63;8354940088.04;"2025-04-14T23:59:59.999Z"
"2025-04-13T00:00:00.000Z";"2025-04-13T23:59:59.999Z";"2025-04-13T00:55:00.000Z";"2025-04-13T21:40:00.000Z";"2781";20.4701757489;20.62724717;19.3785012641;19.5866211389;270016996.11;8145059056.37;"2025-04-13T23:59:59.999Z"
"2025-04-12T00:00:00.000Z";"2025-04-12T23:59:59.999Z";"2025-04-12T15:46:00.000Z";"2025-04-12T03:01:00.000Z";"2781";19.1618194273;20.9917306592;18.860999432;20.4695062239;330578712.4;8512273208.63;"2025-04-12T23:59:59.999Z"
"2025-04-11T00:00:00.000Z";"2025-04-11T23:59:59.999Z";"2025-04-11T18:07:00.000Z";"2025-04-11T00:01:00.000Z";"2781";18.3293756454;19.5414077275;18.3199104097;19.1618194273;331255925.49;7967754989.02;"2025-04-11T23:59:59.999Z"
"2025-04-10T00:00:00.000Z";"2025-04-10T23:59:59.999Z";"2025-04-10T00:00:00.000Z";"2025-04-10T15:52:00.000Z";"2781";18.4455872984;18.4457856186;17.6319634573;18.330241763;282886887.61;7620282016.39;"2025-04-10T23:59:59.999Z"
"2025-04-09T00:00:00.000Z";"2025-04-09T23:59:59.999Z";"2025-04-09T18:01:00.000Z";"2025-04-09T01:32:00.000Z";"2781";16.1217543311;18.8276491007;15.6283947405;18.4451031147;610138171.25;7668044870.11;"2025-04-09T23:59:59.999Z"
"2025-04-08T00:00:00.000Z";"2025-04-08T23:59:59.999Z";"2025-04-08T14:08:00.000Z";"2025-04-08T22:40:00.000Z";"2781";16.6947888028;17.6850211394;15.9577860472;16.1217543311;361405461.41;6700949354.27;"2025-04-08T23:59:59.999Z"
"2025-04-07T00:00:00.000Z";"2025-04-07T23:59:59.999Z";"2025-04-07T17:58:00.000Z";"2025-04-07T07:34:00.000Z";"2781";15.9945804826;17.1108725781;14.7033576074;16.6947622305;729973331.53;6936973846.62;"2025-04-07T23:59:59.999Z"
"2025-04-06T00:00:00.000Z";"2025-04-06T23:59:59.999Z";"2025-04-06T00:43:00.000Z";"2025-04-06T23:25:00.000Z";"2781";17.8914879024;17.8951136428;15.6528595002;15.9947156117;354643328.2;6642323646.29;"2025-04-06T23:59:59.999Z"
"2025-04-05T00:00:00.000Z";"2025-04-05T23:59:59.999Z";"2025-04-05T01:37:00.000Z";"2025-04-05T22:28:00.000Z";"2781";18.1817190455;18.3582466622;17.7295194183;17.8916186346;135715781.13;7429917557.99;"2025-04-05T23:59:59.999Z"
"2025-04-04T00:00:00.000Z";"2025-04-04T23:59:59.999Z";"2025-04-04T08:25:00.000Z";"2025-04-04T11:32:00.000Z";"2781";18.1338083358;18.7467603325;17.6734748925;18.1817190455;346981297.79;7550214279.57;"2025-04-04T23:59:59.999Z"
"2025-04-03T00:00:00.000Z";"2025-04-03T23:59:59.999Z";"2025-04-03T05:12:00.000Z";"2025-04-03T13:02:00.000Z";"2781";18.0134230816;18.9642949517;17.6201087987;18.1337935148;333215973.69;7524303263.16;"2025-04-03T23:59:59.999Z"
"2025-04-02T00:00:00.000Z";"2025-04-02T23:59:59.999Z";"2025-04-02T00:07:00.000Z";"2025-04-02T23:04:00.000Z";"2781";19.7924300045;19.8246041426;17.8093529148;18.013551173;475338407.8;7473816717.85;"2025-04-02T23:59:59.999Z"
"2025-04-01T00:00:00.000Z";"2025-04-01T23:59:59.999Z";"2025-04-01T15:52:00.000Z";"2025-04-01T01:46:00.000Z";"2781";18.7689391395;19.9253725271;18.7410347089;19.7926583205;287419415.08;8211556939.13;"2025-04-01T23:59:59.999Z"
"2025-03-31T00:00:00.000Z";"2025-03-31T23:59:59.999Z";"2025-03-31T15:28:00.000Z";"2025-03-31T09:58:00.000Z";"2781";18.8628117908;19.1002178092;18.2155566427;18.768948645;253348452.96;7786640714.8;"2025-03-31T23:59:59.999Z"
"2025-03-30T00:00:00.000Z";"2025-03-30T23:59:59.999Z";"2025-03-30T03:27:00.000Z";"2025-03-30T22:10:00.000Z";"2781";19.6545240392;19.8785862356;18.7328254213;18.8628316355;222561605.81;7825249577.53;"2025-03-30T23:59:59.999Z"
"2025-03-29T00:00:00.000Z";"2025-03-29T23:59:59.999Z";"2025-03-29T00:20:00.000Z";"2025-03-29T23:07:00.000Z";"2781";20.3710746476;20.5175075484;19.5042454939;19.6547555327;234283284.49;8153532255.56;"2025-03-29T23:59:59.999Z"
"2025-03-28T00:00:00.000Z";"2025-03-28T23:59:59.999Z";"2025-03-28T00:56:00.000Z";"2025-03-28T19:52:00.000Z";"2781";22.0003049858;22.1663425135;19.8065494047;20.3736744984;324964702.59;8451703509.42;"2025-03-28T23:59:59.999Z"
"2025-03-27T00:00:00.000Z";"2025-03-27T23:59:59.999Z";"2025-03-27T02:52:00.000Z";"2025-03-27T13:42:00.000Z";"2781";22.0476653447;22.3506325974;21.6695003678;22.0002600405;231004332.9;9126265198.93;"2025-03-27T23:59:59.999Z"
"2025-03-26T00:00:00.000Z";"2025-03-26T23:59:59.999Z";"2025-03-26T00:49:00.000Z";"2025-03-26T19:17:00.000Z";"2781";22.9243750596;23.2255519137;21.8704798066;22.0477858266;287117609.76;9145550701.04;"2025-03-26T23:59:59.999Z"
"2025-03-25T00:00:00.000Z";"2025-03-25T23:59:59.999Z";"2025-03-25T21:10:00.000Z";"2025-03-25T04:04:00.000Z";"2781";21.4604436825;23.4374179864;21.3340355224;22.9243750596;368087459.31;9508797503.84;"2025-03-25T23:59:59.999Z"
"2025-03-24T00:00:00.000Z";"2025-03-24T23:59:59.999Z";"2025-03-24T14:20:00.000Z";"2025-03-24T00:10:00.000Z";"2781";19.8113741484;22.0803487075;19.8101552994;21.4604282371;502855575.44;8901178774.52;"2025-03-24T23:59:59.999Z"
"2025-03-23T00:00:00.000Z";"2025-03-23T23:59:59.999Z";"2025-03-23T23:59:00.000Z";"2025-03-23T18:23:00.000Z";"2781";19.4201249011;19.8121346584;19.3335278806;19.8116598627;160264018.41;8216491934.53;"2025-03-23T23:59:59.999Z"
"2025-03-22T00:00:00.000Z";"2025-03-22T23:59:59.999Z";"2025-03-22T20:34:00.000Z";"2025-03-22T02:02:00.000Z";"2781";19.1543539016;19.7151735244;19.1144748476;19.4201249011;150619020.68;8054150701.01;"2025-03-22T23:59:59.999Z"
"2025-03-21T00:00:00.000Z";"2025-03-21T23:59:59.999Z";"2025-03-21T21:25:00.000Z";"2025-03-21T13:40:00.000Z";"2781";18.7307887207;19.4373744593;18.3887525474;19.154340365;192050441.74;7943771906.96;"2025-03-21T23:59:59.999Z"
"2025-03-20T00:00:00.000Z";"2025-03-20T23:59:59.999Z";"2025-03-20T00:16:00.000Z";"2025-03-20T16:52:00.000Z";"2781";19.7485849496;19.8320760075;18.4421305638;18.7309248365;236868273.32;7763130398.02;"2025-03-20T23:59:59.999Z"
"2025-03-19T00:00:00.000Z";"2025-03-19T23:59:59.999Z";"2025-03-19T19:01:00.000Z";"2025-03-19T02:07:00.000Z";"2781";19.0016121997;20.0584823021;18.8657862917;19.7483463607;361404418.29;8184923205.24;"2025-03-19T23:59:59.999Z"
"2025-03-18T00:00:00.000Z";"2025-03-18T23:59:59.999Z";"2025-03-18T09:13:00.000Z";"2025-03-18T18:35:00.000Z";"2781";18.8320401703;19.2341152616;18.3755061658;19.0016121997;265141173.27;7875213779.47;"2025-03-18T23:59:59.999Z"
"2025-03-17T00:00:00.000Z";"2025-03-17T23:59:59.999Z";"2025-03-17T19:07:00.000Z";"2025-03-17T00:04:00.000Z";"2781";18.2911181547;19.0688203866;18.2559363277;18.8321078942;264901612.63;7804783438.97;"2025-03-17T23:59:59.999Z"
"2025-03-16T00:00:00.000Z";"2025-03-16T23:59:59.999Z";"2025-03-16T04:08:00.000Z";"2025-03-16T23:10:00.000Z";"2781";19.4144306913;19.8049449834;18.1492993237;18.2911390957;251537677.4;7579407179.59;"2025-03-16T23:59:59.999Z"
"2025-03-15T00:00:00.000Z";"2025-03-15T23:59:59.999Z";"2025-03-15T23:53:00.000Z";"2025-03-15T02:37:00.000Z";"2781";18.5698132225;19.4563325346;18.4126692709;19.4144760068;274731087.09;8044683010.21;"2025-03-15T23:59:59.999Z"
"2025-03-14T00:00:00.000Z";"2025-03-14T23:59:59.999Z";"2025-03-14T19:21:00.000Z";"2025-03-14T06:32:00.000Z";"2781";18.4997137365;19.2643641117;18.4986176843;18.5699341534;299117682.47;7694669766.59;"2025-03-14T23:59:59.999Z"
"2025-03-13T00:00:00.000Z";"2025-03-13T23:59:59.999Z";"2025-03-13T10:07:00.000Z";"2025-03-13T21:25:00.000Z";"2781";18.8991634511;19.280877849;17.7829080388;18.4997137365;357447076.78;7665427323.3;"2025-03-13T23:59:59.999Z"
"2025-03-12T00:00:00.000Z";"2025-03-12T23:59:59.999Z";"2025-03-12T23:43:00.000Z";"2025-03-12T04:41:00.000Z";"2781";17.4748386489;18.9338315447;16.9687888701;18.8991634511;418884253.16;7830688069.48;"2025-03-12T23:59:59.999Z"
"2025-03-11T00:00:00.000Z";"2025-03-11T23:59:59.999Z";"2025-03-11T22:13:00.000Z";"2025-03-11T01:08:00.000Z";"2781";16.2855768794;17.8667589953;15.3799080488;17.4747175201;670199827.27;7240220977.47;"2025-03-11T23:59:59.999Z"
"2025-03-10T00:00:00.000Z";"2025-03-10T23:59:59.999Z";"2025-03-10T09:25:00.000Z";"2025-03-10T19:05:00.000Z";"2781";17.9557593598;19.0000415464;16.2202852799;16.2859706249;527953869.12;6745404565.75;"2025-03-10T23:59:59.999Z"
"2025-03-09T00:00:00.000Z";"2025-03-09T23:59:59.999Z";"2025-03-09T00:34:00.000Z";"2025-03-09T23:10:00.000Z";"2781";20.4711258506;20.6591825915;17.8363829078;17.9578824311;320273559.24;7437461786.14;"2025-03-09T23:59:59.999Z"
"2025-03-08T00:00:00.000Z";"2025-03-08T23:59:59.999Z";"2025-03-08T14:28:00.000Z";"2025-03-08T11:49:00.000Z";"2781";20.096929941;21.0149797632;19.4854320329;20.4710916739;308597152.98;8478978603.86;"2025-03-08T23:59:59.999Z"
"2025-03-07T00:00:00.000Z";"2025-03-07T23:59:59.999Z";"2025-03-07T00:15:00.000Z";"2025-03-07T01:02:00.000Z";"2781";21.0291089531;21.1436281961;19.7777162412;20.096929941;552573508.14;8325370964.62;"2025-03-07T23:59:59.999Z"
"2025-03-06T00:00:00.000Z";"2025-03-06T23:59:59.999Z";"2025-03-06T05:23:00.000Z";"2025-03-06T19:34:00.000Z";"2781";21.7286661025;22.4869292822;20.9456728998;21.0291089531;488753037;8709882526.33;"2025-03-06T23:59:59.999Z"
"2025-03-05T00:00:00.000Z";"2025-03-05T23:59:59.999Z";"2025-03-05T21:22:00.000Z";"2025-03-05T01:07:00.000Z";"2781";20.009385131;22.3921454581;19.7160509402;21.7286661025;558367628.64;8998669132.99;"2025-03-05T23:59:59.999Z"
"2025-03-04T00:00:00.000Z";"2025-03-04T23:59:59.999Z";"2025-03-04T00:22:00.000Z";"2025-03-04T16:37:00.000Z";"2781";20.9368998168;21.0724897744;18.9833151156;20.0086018958;762415238.95;8286377569.89;"2025-03-04T23:59:59.999Z"
"2025-03-03T00:00:00.000Z";"2025-03-03T23:59:59.999Z";"2025-03-03T00:52:00.000Z";"2025-03-03T22:01:00.000Z";"2781";24.9409047695;25.0760397112;20.6411864024;20.9365184148;607903958.01;8669945329.6;"2025-03-03T23:59:59.999Z"
"2025-03-02T00:00:00.000Z";"2025-03-02T23:59:59.999Z";"2025-03-02T23:55:00.000Z";"2025-03-02T14:50:00.000Z";"2781";21.8709552997;24.9805704769;21.621531255;24.9409739855;815445770.25;10327938663.89;"2025-03-02T23:59:59.999Z"
"2025-03-01T00:00:00.000Z";"2025-03-01T23:59:59.999Z";"2025-03-01T02:01:00.000Z";"2025-03-01T13:56:00.000Z";"2781";22.368854459;22.4568255968;21.0847503329;21.8711404848;266943721.61;9056506457.1;"2025-03-01T23:59:59.999Z"
"2025-02-28T00:00:00.000Z";"2025-02-28T23:59:59.999Z";"2025-02-28T00:07:00.000Z";"2025-02-28T06:22:00.000Z";"2781";22.4930733457;22.5439223738;20.29476795;22.3687937611;742484608.3;9262400619.25;"2025-02-28T23:59:59.999Z"
"2025-02-27T00:00:00.000Z";"2025-02-27T23:59:59.999Z";"2025-02-27T10:42:00.000Z";"2025-02-27T00:34:00.000Z";"2781";21.7970138462;23.317137753;21.6609760648;22.4930733457;413198028.92;9313477456.91;"2025-02-27T23:59:59.999Z"
"2025-02-26T00:00:00.000Z";"2025-02-26T23:59:59.999Z";"2025-02-26T09:55:00.000Z";"2025-02-26T20:25:00.000Z";"2781";21.9313678587;22.4702628645;21.0682519927;21.7970138462;528245200.92;9024872810.65;"2025-02-26T23:59:59.999Z"
"2025-02-25T00:00:00.000Z";"2025-02-25T23:59:59.999Z";"2025-02-25T22:11:00.000Z";"2025-02-25T10:27:00.000Z";"2781";21.8804068765;22.2880199101;20.4368756659;21.9313678587;955836925.7;9080423199.63;"2025-02-25T23:59:59.999Z"
"2025-02-24T00:00:00.000Z";"2025-02-24T23:59:59.999Z";"2025-02-24T00:26:00.000Z";"2025-02-24T23:03:00.000Z";"2781";24.8842601188;25.1333496897;21.7548681673;21.8809131562;556184604.02;9059201891.2;"2025-02-24T23:59:59.999Z"
"2025-02-23T00:00:00.000Z";"2025-02-23T23:59:59.999Z";"2025-02-23T01:04:00.000Z";"2025-02-23T17:08:00.000Z";"2781";25.8164960277;25.9537879744;24.4309493029;24.8855525526;256055664.13;10302438891.79;"2025-02-23T23:59:59.999Z"
"2025-02-22T00:00:00.000Z";"2025-02-22T23:59:59.999Z";"2025-02-22T18:08:00.000Z";"2025-02-22T00:08:00.000Z";"2781";24.5191646461;26.3382411138;24.4833217277;25.8164960277;393255919.58;10687069872.04;"2025-02-22T23:59:59.999Z"
"2025-02-21T00:00:00.000Z";"2025-02-21T23:59:59.999Z";"2025-02-21T13:49:00.000Z";"2025-02-21T19:51:00.000Z";"2781";25.1494149699;26.4757878203;23.8160040624;24.5191646461;601404829.68;10149884258.3;"2025-02-21T23:59:59.999Z"
"2025-02-20T00:00:00.000Z";"2025-02-20T23:59:59.999Z";"2025-02-20T20:26:00.000Z";"2025-02-20T00:00:00.000Z";"2781";23.727959291;25.3277327252;23.727289369;25.1497331574;352566833.5;10410660934.1;"2025-02-20T23:59:59.999Z"
"2025-02-19T00:00:00.000Z";"2025-02-19T23:59:59.999Z";"2025-02-19T11:57:00.000Z";"2025-02-19T05:01:00.000Z";"2781";23.4885327202;24.0015591411;23.0253328345;23.727959291;290366056.5;9816698938.47;"2025-02-19T23:59:59.999Z"
"2025-02-18T00:00:00.000Z";"2025-02-18T23:59:59.999Z";"2025-02-18T00:10:00.000Z";"2025-02-18T19:37:00.000Z";"2781";25.0287309816;25.1060819752;22.9553344927;23.4882731428;381480791.37;9717443012.69;"2025-02-18T23:59:59.999Z"
"2025-02-17T00:00:00.000Z";"2025-02-17T23:59:59.999Z";"2025-02-17T15:04:00.000Z";"2025-02-17T19:06:00.000Z";"2781";24.8368525639;25.9221206774;24.4951873891;25.0288148191;330618843.9;10354532203.17;"2025-02-17T23:59:59.999Z"
"2025-02-16T00:00:00.000Z";"2025-02-16T23:59:59.999Z";"2025-02-16T00:22:00.000Z";"2025-02-16T21:25:00.000Z";"2781";25.4901105016;25.5577217528;24.7845746508;24.8372579851;208197235.93;10274261377.91;"2025-02-16T23:59:59.999Z"
"2025-02-15T00:00:00.000Z";"2025-02-15T23:59:59.999Z";"2025-02-15T03:04:00.000Z";"2025-02-15T22:48:00.000Z";"2781";26.3949372878;26.9476733841;25.4175779003;25.4898404914;192755886.6;10501346956.68;"2025-02-15T23:59:59.999Z"
"2025-02-14T00:00:00.000Z";"2025-02-14T23:59:59.999Z";"2025-02-14T18:08:00.000Z";"2025-02-14T00:19:00.000Z";"2781";25.415891811;27.1735444332;25.3329006705;26.3947677962;338474857.9;10873714892.33;"2025-02-14T23:59:59.999Z"
"2025-02-13T00:00:00.000Z";"2025-02-13T23:59:59.999Z";"2025-02-13T01:58:00.000Z";"2025-02-13T18:10:00.000Z";"2781";26.4936671464;26.5916659857;25.1462606836;25.4161549689;290056933.56;10470062626.59;"2025-02-13T23:59:59.999Z"
"2025-02-12T00:00:00.000Z";"2025-02-12T23:59:59.999Z";"2025-02-12T22:40:00.000Z";"2025-02-12T13:42:00.000Z";"2781";25.3914779308;27.0204850599;24.4329015409;26.4936671464;452352647.46;10913780636.71;"2025-02-12T23:59:59.999Z"
"2025-02-11T00:00:00.000Z";"2025-02-11T23:59:59.999Z";"2025-02-11T09:19:00.000Z";"2025-02-11T19:42:00.000Z";"2781";25.6395188668;26.9619856036;24.938662725;25.3914592473;372729240.53;10458693455.42;"2025-02-11T23:59:59.999Z"
"2025-02-10T00:00:00.000Z";"2025-02-10T23:59:59.999Z";"2025-02-10T13:59:00.000Z";"2025-02-10T02:37:00.000Z";"2781";24.9128873183;25.9457511577;23.940326552;25.6395188668;320056403.4;10559622411.18;"2025-02-10T23:59:59.999Z"
"2025-02-09T00:00:00.000Z";"2025-02-09T23:59:59.999Z";"2025-02-09T09:01:00.000Z";"2025-02-09T22:07:00.000Z";"2781";24.5990827597;25.4786136999;23.7555919444;24.9128873183;277872000.46;10259959899.42;"2025-02-09T23:59:59.999Z"
"2025-02-08T00:00:00.000Z";"2025-02-08T23:59:59.999Z";"2025-02-08T00:29:00.000Z";"2025-02-08T11:43:00.000Z";"2781";24.4512598969;24.7936279231;23.9649619465;24.5995673448;191355665.68;10130655455.4;"2025-02-08T23:59:59.999Z"
"2025-02-07T00:00:00.000Z";"2025-02-07T23:59:59.999Z";"2025-02-07T14:53:00.000Z";"2025-02-07T22:37:00.000Z";"2781";24.5069550519;26.1891993188;23.7718481641;24.4507756439;374747957.28;10069074685.78;"2025-02-07T23:59:59.999Z"
"2025-02-06T00:00:00.000Z";"2025-02-06T23:59:59.999Z";"2025-02-06T07:02:00.000Z";"2025-02-06T23:43:00.000Z";"2781";25.8718177013;26.8077853617;24.3734317167;24.5072776325;359084186.47;10091849282.27;"2025-02-06T23:59:59.999Z"
"2025-02-05T00:00:00.000Z";"2025-02-05T23:59:59.999Z";"2025-02-05T12:21:00.000Z";"2025-02-05T22:40:00.000Z";"2781";26.5241819982;27.3726238732;25.6946547309;25.8721162088;369790683.54;10653463436;"2025-02-05T23:59:59.999Z"
"2025-02-04T00:00:00.000Z";"2025-02-04T23:59:59.999Z";"2025-02-04T00:10:00.000Z";"2025-02-04T08:49:00.000Z";"2781";28.4179430444;28.617586419;25.5883475137;26.52422907;673184054.36;10921831364.48;"2025-02-04T23:59:59.999Z"
"2025-02-03T00:00:00.000Z";"2025-02-03T23:59:59.999Z";"2025-02-03T22:31:00.000Z";"2025-02-03T02:10:00.000Z";"2781";27.5764979426;28.7801101181;22.2026064317;28.417981574;1827441234.56;11701344627.56;"2025-02-03T23:59:59.999Z"
"2025-02-02T00:00:00.000Z";"2025-02-02T23:59:59.999Z";"2025-02-02T01:11:00.000Z";"2025-02-02T23:29:00.000Z";"2781";32.1812622274;32.5620845642;26.4194466204;27.5763159443;826871838.82;11353366736.06;"2025-02-02T23:59:59.999Z"
"2025-02-01T00:00:00.000Z";"2025-02-01T23:59:59.999Z";"2025-02-01T02:58:00.000Z";"2025-02-01T23:29:00.000Z";"2781";34.3973916395;35.0661046502;31.9316600835;32.1812622274;298434498.36;13249055615.62;"2025-02-01T23:59:59.999Z"
"2025-01-31T00:00:00.000Z";"2025-01-31T23:59:59.999Z";"2025-01-31T16:06:00.000Z";"2025-01-31T05:01:00.000Z";"2781";34.3088656518;36.1039993766;33.8306299463;34.3976427796;408161766.01;14161072955.18;"2025-01-31T23:59:59.999Z"
"2025-01-30T00:00:00.000Z";"2025-01-30T23:59:59.999Z";"2025-01-30T17:22:00.000Z";"2025-01-30T00:34:00.000Z";"2781";32.776903179;34.6421846473;32.5015342925;34.3101766187;314772917.53;14124842674.33;"2025-01-30T23:59:59.999Z"
"2025-01-29T00:00:00.000Z";"2025-01-29T23:59:59.999Z";"2025-01-29T20:35:00.000Z";"2025-01-29T19:31:00.000Z";"2781";32.1230414109;33.7473767919;31.9444524464;32.7752377991;406122842.76;13492540901.49;"2025-01-29T23:59:59.999Z"
"2025-01-28T00:00:00.000Z";"2025-01-28T23:59:59.999Z";"2025-01-28T05:52:00.000Z";"2025-01-28T23:37:00.000Z";"2781";34.2040499163;34.4915453026;31.880392026;32.1232978212;347595465.38;13222143704.16;"2025-01-28T23:59:59.999Z"
"2025-01-27T00:00:00.000Z";"2025-01-27T23:59:59.999Z";"2025-01-27T00:12:00.000Z";"2025-01-27T12:33:00.000Z";"2781";35.8554744495;35.9755185954;32.9170978046;34.1996253661;686036211.14;14078343443.62;"2025-01-27T23:59:59.999Z"
"2025-01-26T00:00:00.000Z";"2025-01-26T23:59:59.999Z";"2025-01-26T18:13:00.000Z";"2025-01-26T23:59:00.000Z";"2781";36.6218052367;38.133189958;35.8573263582;35.8573263582;351844441.44;14758605841.21;"2025-01-26T23:59:59.999Z"
"2025-01-25T00:00:00.000Z";"2025-01-25T23:59:59.999Z";"2025-01-25T20:24:00.000Z";"2025-01-25T01:02:00.000Z";"2781";35.3377031225;37.2051992634;34.9550867623;36.6210801268;633077814.17;15072776711.07;"2025-01-25T23:59:59.999Z"
"2025-01-24T00:00:00.000Z";"2025-01-24T23:59:59.999Z";"2025-01-24T18:38:00.000Z";"2025-01-24T02:58:00.000Z";"2781";35.5923266697;36.7448460359;34.6364992019;35.3380521349;561930581.83;14544553431.42;"2025-01-24T23:59:59.999Z"
"2025-01-23T00:00:00.000Z";"2025-01-23T23:59:59.999Z";"2025-01-23T00:43:00.000Z";"2025-01-23T21:22:00.000Z";"2781";36.7514586293;36.8649098354;34.7516438384;35.5918848976;459399066.73;14649255975.33;"2025-01-23T23:59:59.999Z"
"2025-01-22T00:00:00.000Z";"2025-01-22T23:59:59.999Z";"2025-01-22T12:07:00.000Z";"2025-01-22T08:40:00.000Z";"2781";36.9224811547;37.72325496;36.5974818049;36.7514586293;306071927.56;15125815322.32;"2025-01-22T23:59:59.999Z"
"2025-01-21T00:00:00.000Z";"2025-01-21T23:59:59.999Z";"2025-01-21T18:56:00.000Z";"2025-01-21T04:38:00.000Z";"2781";35.957976655;37.5577425484;34.5998444946;36.9224811547;514450440.67;15192102771.68;"2025-01-21T23:59:59.999Z"
"2025-01-20T00:00:00.000Z";"2025-01-20T23:59:59.999Z";"2025-01-20T07:14:00.000Z";"2025-01-20T01:53:00.000Z";"2781";35.5702091842;39.3183750059;34.5494947298;35.9579041674;1168790460.14;14794699765.75;"2025-01-20T23:59:59.999Z"
"2025-01-19T00:00:00.000Z";"2025-01-19T23:59:59.999Z";"2025-01-19T01:49:00.000Z";"2025-01-19T23:41:00.000Z";"2781";39.2453816109;40.4510994681;35.2410504568;35.5753734294;860313012.43;14634869182.23;"2025-01-19T23:59:59.999Z"
"2025-01-18T00:00:00.000Z";"2025-01-18T23:59:59.999Z";"2025-01-18T00:46:00.000Z";"2025-01-18T17:02:00.000Z";"2781";41.3915406982;41.6298009591;38.382635763;39.2457094798;500077819.79;16146761715.79;"2025-01-18T23:59:59.999Z"
"2025-01-17T00:00:00.000Z";"2025-01-17T23:59:59.999Z";"2025-01-17T20:52:00.000Z";"2025-01-17T00:00:00.000Z";"2781";40.0479443042;41.7957078202;40.0476046247;41.3915406982;432536418.92;17028383585.94;"2025-01-17T23:59:59.999Z"
"2025-01-16T00:00:00.000Z";"2025-01-16T23:59:59.999Z";"2025-01-16T12:56:00.000Z";"2025-01-16T09:34:00.000Z";"2781";39.8534395332;40.4448715977;38.4014213746;40.0484357711;481653335.2;16475137360.42;"2025-01-16T23:59:59.999Z"
"2025-01-15T00:00:00.000Z";"2025-01-15T23:59:59.999Z";"2025-01-15T23:55:00.000Z";"2025-01-15T11:18:00.000Z";"2781";36.5026261315;39.9169409537;36.2802909602;39.8528227625;500173933.66;16394503969.24;"2025-01-15T23:59:59.999Z"
"2025-01-14T00:00:00.000Z";"2025-01-14T23:59:59.999Z";"2025-01-14T18:49:00.000Z";"2025-01-14T00:51:00.000Z";"2781";35.2903247614;36.6730102413;35.0583795264;36.5023454267;291606376.19;15015361137.38;"2025-01-14T23:59:59.999Z"
"2025-01-13T00:00:00.000Z";"2025-01-13T23:59:59.999Z";"2025-01-13T00:38:00.000Z";"2025-01-13T14:37:00.000Z";"2781";36.5579663422;37.2948555462;32.9631204044;35.2893260744;572190127.13;14515808710.71;"2025-01-13T23:59:59.999Z"
"2025-01-12T00:00:00.000Z";"2025-01-12T23:59:59.999Z";"2025-01-12T16:02:00.000Z";"2025-01-12T22:31:00.000Z";"2781";37.0952202273;37.5080789668;36.1260849179;36.5579663422;241246914.96;15017782839.91;"2025-01-12T23:59:59.999Z"
"2025-01-11T00:00:00.000Z";"2025-01-11T23:59:59.999Z";"2025-01-11T21:26:00.000Z";"2025-01-11T04:43:00.000Z";"2781";36.6863474275;37.7048927575;36.0496214235;37.0952202273;264638508.11;15237935585.38;"2025-01-11T23:59:59.999Z"
"2025-01-10T00:00:00.000Z";"2025-01-10T23:59:59.999Z";"2025-01-10T07:46:00.000Z";"2025-01-10T16:41:00.000Z";"2781";36.1881745563;37.9009571973;35.9938976187;36.6863474275;504078948.1;15068961450.25;"2025-01-10T23:59:59.999Z"
"2025-01-09T00:00:00.000Z";"2025-01-09T23:59:59.999Z";"2025-01-09T01:07:00.000Z";"2025-01-09T20:25:00.000Z";"2781";37.4223332578;37.8786560739;35.5692398316;36.1881546535;482489076.61;14864069443.6;"2025-01-09T23:59:59.999Z"
"2025-01-08T00:00:00.000Z";"2025-01-08T23:59:59.999Z";"2025-01-08T00:46:00.000Z";"2025-01-08T17:32:00.000Z";"2781";39.2663420087;39.8723920315;36.3860894149;37.4223332578;692004531.57;15363433151.92;"2025-01-08T23:59:59.999Z"
"2025-01-07T00:00:00.000Z";"2025-01-07T23:59:59.999Z";"2025-01-07T00:30:00.000Z";"2025-01-07T23:58:00.000Z";"2781";44.0975485422;44.5229155397;39.2632796232;39.2663420087;718791551.41;16107858198.67;"2025-01-07T23:59:59.999Z"
"2025-01-06T00:00:00.000Z";"2025-01-06T23:59:59.999Z";"2025-01-06T16:16:00.000Z";"2025-01-06T01:22:00.000Z";"2781";43.0792345486;44.9794206579;42.0774649601;44.097415115;676573179.13;18089368698.45;"2025-01-06T23:59:59.999Z"
"2025-01-05T00:00:00.000Z";"2025-01-05T23:59:59.999Z";"2025-01-05T23:16:00.000Z";"2025-01-05T14:24:00.000Z";"2781";42.6808767448;43.1455194136;41.2876463119;43.0792345486;394208894.71;17671332464.86;"2025-01-05T23:59:59.999Z"
"2025-01-04T00:00:00.000Z";"2025-01-04T23:59:59.999Z";"2025-01-04T21:52:00.000Z";"2025-01-04T15:52:00.000Z";"2781";41.8821812694;42.8236035007;40.9979480152;42.6810673291;451368108.39;17507500961.64;"2025-01-04T23:59:59.999Z"
"2025-01-03T00:00:00.000Z";"2025-01-03T23:59:59.999Z";"2025-01-03T19:19:00.000Z";"2025-01-03T01:17:00.000Z";"2781";39.2282980528;42.1380982646;38.9096701315;41.8827503727;617233779.9;17179576606.45;"2025-01-03T23:59:59.999Z"
"2025-01-02T00:00:00.000Z";"2025-01-02T23:59:59.999Z";"2025-01-02T12:07:00.000Z";"2025-01-02T00:01:00.000Z";"2781";37.6934458564;40.5015934756;37.689963171;39.2291601416;522067296.7;16088563759.85;"2025-01-02T23:59:59.999Z"
"2025-01-01T00:00:00.000Z";"2025-01-01T23:59:59.999Z";"2025-01-01T23:13:00.000Z";"2025-01-01T09:43:00.000Z";"2781";35.6909303181;37.8699101986;34.960540371;37.6934377529;334807161.82;15451149430.96;"2025-01-01T23:59:59.999Z"
"2024-12-31T00:00:00.000Z";"2024-12-31T23:59:59.999Z";"2024-12-31T14:22:00.000Z";"2024-12-31T05:00:00.000Z";"2781";35.9060546078;37.1476853372;34.9591049699;35.6909303181;342457823.43;14629695452.67;"2024-12-31T23:59:59.999Z"
"2024-12-30T00:00:00.000Z";"2024-12-30T23:59:59.999Z";"2024-12-30T12:28:00.000Z";"2024-12-30T15:38:00.000Z";"2781";35.8266360318;37.0873073027;34.8709484607;35.9060546078;608777704.36;14717246793.22;"2024-12-30T23:59:59.999Z"
"2024-12-29T00:00:00.000Z";"2024-12-29T23:59:59.999Z";"2024-12-29T00:01:00.000Z";"2024-12-29T22:25:00.000Z";"2781";37.6618474471;37.6827128414;35.5196450872;35.8266628125;338847921.89;14684431721.94;"2024-12-29T23:59:59.999Z"
"2024-12-28T00:00:00.000Z";"2024-12-28T23:59:59.999Z";"2024-12-28T22:55:00.000Z";"2024-12-28T01:37:00.000Z";"2781";36.4811693521;38.0226553035;36.3004816711;37.6618474471;315276471.89;15436406879.15;"2024-12-28T23:59:59.999Z"
"2024-12-27T00:00:00.000Z";"2024-12-27T23:59:59.999Z";"2024-12-27T09:40:00.000Z";"2024-12-27T23:41:00.000Z";"2781";37.2811955258;38.9421840362;36.320231641;36.4805241909;472646946.41;14952319083.01;"2024-12-27T23:59:59.999Z"
"2024-12-26T00:00:00.000Z";"2024-12-26T23:59:59.999Z";"2024-12-26T00:20:00.000Z";"2024-12-26T23:16:00.000Z";"2781";40.2466598737;40.6219527145;37.010440586;37.2807972482;504900895.46;15280047699.68;"2024-12-26T23:59:59.999Z"
"2024-12-25T00:00:00.000Z";"2024-12-25T23:59:59.999Z";"2024-12-25T10:25:00.000Z";"2024-12-25T21:21:00.000Z";"2781";41.2110079652;41.8065460341;39.8733022929;40.248492597;392462925.98;16495029316.51;"2024-12-25T23:59:59.999Z"
"2024-12-24T00:00:00.000Z";"2024-12-24T23:59:59.999Z";"2024-12-24T16:26:00.000Z";"2024-12-24T02:22:00.000Z";"2781";39.0286783636;41.8995975184;37.7271803016;41.2125755748;650595702.89;16890141444.47;"2024-12-24T23:59:59.999Z"
"2024-12-23T00:00:00.000Z";"2024-12-23T23:59:59.999Z";"2024-12-23T23:02:00.000Z";"2024-12-23T01:22:00.000Z";"2781";36.5199536062;39.5621577597;35.6978079263;39.028502925;789241250.43;15995519402.21;"2024-12-23T23:59:59.999Z"
"2024-12-22T00:00:00.000Z";"2024-12-22T23:59:59.999Z";"2024-12-22T09:49:00.000Z";"2024-12-22T20:21:00.000Z";"2781";37.4013669951;38.4748565761;35.5992315128;36.5160326951;512824678.51;14967038598.22;"2024-12-22T23:59:59.999Z"
"2024-12-21T00:00:00.000Z";"2024-12-21T23:59:59.999Z";"2024-12-21T07:44:00.000Z";"2024-12-21T23:10:00.000Z";"2781";39.8172444924;42.2963363779;36.9834413507;37.4016746874;676474348.41;15328213476.81;"2024-12-21T23:59:59.999Z"
"2024-12-20T00:00:00.000Z";"2024-12-20T23:59:59.999Z";"2024-12-20T02:44:00.000Z";"2024-12-20T12:02:00.000Z";"2781";38.9071399978;40.2914875191;33.6774227957;39.8172444924;1322742515.96;16317175358.97;"2024-12-20T23:59:59.999Z"
"2024-12-19T00:00:00.000Z";"2024-12-19T23:59:59.999Z";"2024-12-19T10:47:00.000Z";"2024-12-19T20:14:00.000Z";"2781";42.803508064;43.5276706264;37.6897856981;38.9108945717;1306741716.22;15945463351.96;"2024-12-19T23:59:59.999Z"
"2024-12-18T00:00:00.000Z";"2024-12-18T23:59:59.999Z";"2024-12-18T00:19:00.000Z";"2024-12-18T23:52:00.000Z";"2781";47.8387585383;48.1644635141;42.7681534784;42.8039079199;1142828283.98;17540401534.41;"2024-12-18T23:59:59.999Z"
"2024-12-17T00:00:00.000Z";"2024-12-17T23:59:59.999Z";"2024-12-17T13:58:00.000Z";"2024-12-17T23:16:00.000Z";"2781";48.993259196;50.8057381961;47.6068937334;47.8387731212;743674964.55;19603568605.71;"2024-12-17T23:59:59.999Z"
"2024-12-16T00:00:00.000Z";"2024-12-16T23:59:59.999Z";"2024-12-16T01:05:00.000Z";"2024-12-16T13:53:00.000Z";"2781";50.7555703839;51.9143270072;48.4769964475;48.993259196;862749861.8;20075673272.08;"2024-12-16T23:59:59.999Z"
"2024-12-15T00:00:00.000Z";"2024-12-15T23:59:59.999Z";"2024-12-15T23:53:00.000Z";"2024-12-15T22:11:00.000Z";"2781";49.8306235038;51.2670322659;48.1646963619;50.7546144506;755577878.01;20794873840.1;"2024-12-15T23:59:59.999Z"
"2024-12-14T00:00:00.000Z";"2024-12-14T23:59:59.999Z";"2024-12-14T01:31:00.000Z";"2024-12-14T20:58:00.000Z";"2781";52.7017629426;53.7372264773;49.4598773989;49.8327707901;706207492.86;20416255459.23;"2024-12-14T23:59:59.999Z"
"2024-12-13T00:00:00.000Z";"2024-12-13T23:59:59.999Z";"2024-12-13T00:10:00.000Z";"2024-12-13T19:01:00.000Z";"2781";53.1200760008;53.935424611;50.9623560128;52.7017629426;948118175.78;21591450573.36;"2024-12-13T23:59:59.999Z"
"2024-12-12T00:00:00.000Z";"2024-12-12T23:59:59.999Z";"2024-12-12T17:22:00.000Z";"2024-12-12T00:06:00.000Z";"2781";48.3745326554;55.1939200449;48.3262647733;53.1197028236;1824782724.85;21762585638.23;"2024-12-12T23:59:59.999Z"
"2024-12-11T00:00:00.000Z";"2024-12-11T23:59:59.999Z";"2024-12-11T15:28:00.000Z";"2024-12-11T02:02:00.000Z";"2781";44.6418308679;48.3787726548;42.932986465;48.3709253903;865434226.76;19818206332.93;"2024-12-11T23:59:59.999Z"
"2024-12-10T00:00:00.000Z";"2024-12-10T23:59:59.999Z";"2024-12-10T11:30:00.000Z";"2024-12-10T18:13:00.000Z";"2781";45.2307693295;46.4079141513;41.4483010724;44.6399651063;1441194375.64;18277729767.54;"2024-12-10T23:59:59.999Z"
"2024-12-09T00:00:00.000Z";"2024-12-09T23:59:59.999Z";"2024-12-09T00:16:00.000Z";"2024-12-09T21:07:00.000Z";"2781";54.1112617584;54.1749925551;41.2100106416;45.2302649207;1930934569.54;18518104191.01;"2024-12-09T23:59:59.999Z"
"2024-12-08T00:00:00.000Z";"2024-12-08T23:59:59.999Z";"2024-12-08T22:23:00.000Z";"2024-12-08T09:57:00.000Z";"2781";51.7453358209;54.3382996846;50.4936401517;53.93350285;814725035.32;22079775331.89;"2024-12-08T23:59:59.999Z"
"2024-12-07T00:00:00.000Z";"2024-12-07T23:59:59.999Z";"2024-12-07T19:04:00.000Z";"2024-12-07T07:53:00.000Z";"2781";52.5892899218;53.0430194991;51.3375804545;51.6760351947;597601547.04;21154273439.2;"2024-12-07T23:59:59.999Z"
"2024-12-06T00:00:00.000Z";"2024-12-06T23:59:59.999Z";"2024-12-06T06:58:00.000Z";"2024-12-06T13:03:00.000Z";"2781";50.4536109312;53.4782990378;49.9277131061;52.5892899218;1051746897.63;21527990226.84;"2024-12-06T23:59:59.999Z"
"2024-12-05T00:00:00.000Z";"2024-12-05T23:59:59.999Z";"2024-12-05T18:22:00.000Z";"2024-12-05T22:31:00.000Z";"2781";52.8119896083;53.5510770186;49.934573271;50.8197821357;1436459355.17;20804343996.73;"2024-12-05T23:59:59.999Z"
"2024-12-04T00:00:00.000Z";"2024-12-04T23:59:59.999Z";"2024-12-04T16:02:00.000Z";"2024-12-04T00:01:00.000Z";"2781";50.9994901804;55.69744434;50.9513004875;52.8173399866;1899587373.08;21618576136.36;"2024-12-04T23:59:59.999Z"
"2024-12-03T00:00:00.000Z";"2024-12-03T23:59:59.999Z";"2024-12-03T13:25:00.000Z";"2024-12-03T14:37:00.000Z";"2781";52.3145528544;53.7594760869;48.5458850244;50.9994901804;2337355056.49;20874816269.61;"2024-12-03T23:59:59.999Z"
"2024-12-02T00:00:00.000Z";"2024-12-02T23:59:59.999Z";"2024-12-02T23:59:00.000Z";"2024-12-02T00:04:00.000Z";"2781";45.0934906773;52.3356907369;45.0889896574;52.3130556863;3304021551.31;21412365069.36;"2024-12-02T23:59:59.999Z"
"2024-12-01T00:00:00.000Z";"2024-12-01T23:59:59.999Z";"2024-12-01T23:32:00.000Z";"2024-12-01T08:10:00.000Z";"2781";44.8926900895;45.6947501925;43.8728380627;45.0918237985;737035870.78;18456326390.95;"2024-12-01T23:59:59.999Z"
"2024-11-30T00:00:00.000Z";"2024-11-30T23:59:59.999Z";"2024-11-30T14:33:00.000Z";"2024-11-30T01:07:00.000Z";"2781";44.9241110101;46.1908306999;43.7632888626;44.8928669801;738899863.38;18373660516.76;"2024-11-30T23:59:59.999Z"
"2024-11-29T00:00:00.000Z";"2024-11-29T23:59:59.999Z";"2024-11-29T23:47:00.000Z";"2024-11-29T00:13:00.000Z";"2781";42.8401752917;45.0374075773;42.6091811739;44.9241110101;755020168.6;18386164118.42;"2024-11-29T23:59:59.999Z"
"2024-11-28T00:00:00.000Z";"2024-11-28T23:59:59.999Z";"2024-11-28T02:34:00.000Z";"2024-11-28T15:55:00.000Z";"2781";43.9126760981;44.1561427808;41.6198952507;42.8401837628;709342516.43;17533103686.05;"2024-11-28T23:59:59.999Z"
"2024-11-27T00:00:00.000Z";"2024-11-27T23:59:59.999Z";"2024-11-27T10:46:00.000Z";"2024-11-27T01:05:00.000Z";"2781";42.7775940771;44.369203109;42.0838532481;43.9124058278;1220290175.19;17971950331.08;"2024-11-27T23:59:59.999Z"
"2024-11-26T00:00:00.000Z";"2024-11-26T23:59:59.999Z";"2024-11-26T22:29:00.000Z";"2024-11-26T11:33:00.000Z";"2781";41.394888421;43.2647205193;38.6579236802;42.7790603674;1538218514;17506781451.35;"2024-11-26T23:59:59.999Z"
"2024-11-25T00:00:00.000Z";"2024-11-25T23:59:59.999Z";"2024-11-25T09:16:00.000Z";"2024-11-25T01:26:00.000Z";"2781";42.0430639396;47.6303409035;40.2789989465;41.3960772959;2198820064.33;16940163346.84;"2024-11-25T23:59:59.999Z"
"2024-11-24T00:00:00.000Z";"2024-11-24T23:59:59.999Z";"2024-11-24T06:04:00.000Z";"2024-11-24T16:02:00.000Z";"2781";41.4899863211;42.9788300261;38.7780222657;42.0430639396;1401619979.13;17201007431.34;"2024-11-24T23:59:59.999Z"
"2024-11-23T00:00:00.000Z";"2024-11-23T23:59:59.999Z";"2024-11-23T01:22:00.000Z";"2024-11-23T20:34:00.000Z";"2781";43.0897212219;45.0468664002;40.915516883;41.4899863211;1929765400.36;16976269393.67;"2024-11-23T23:59:59.999Z"
"2024-11-22T00:00:00.000Z";"2024-11-22T23:59:59.999Z";"2024-11-22T23:28:00.000Z";"2024-11-22T00:51:00.000Z";"2781";35.8245620919;43.2636313534;35.2719732008;43.0897407865;1853305713.76;17629824023.28;"2024-11-22T23:59:59.999Z"
"2024-11-21T00:00:00.000Z";"2024-11-21T23:59:59.999Z";"2024-11-21T20:35:00.000Z";"2024-11-21T02:47:00.000Z";"2781";33.5857389296;36.1521731784;32.4358667787;35.8243864324;919488028.88;14655725550.54;"2024-11-21T23:59:59.999Z"
"2024-11-20T00:00:00.000Z";"2024-11-20T23:59:59.999Z";"2024-11-20T10:11:00.000Z";"2024-11-20T19:27:00.000Z";"2781";34.2737948341;35.6959329253;32.8640094138;33.5857138261;768090736.87;13738299651.19;"2024-11-20T23:59:59.999Z"
"2024-11-19T00:00:00.000Z";"2024-11-19T23:59:59.999Z";"2024-11-19T07:14:00.000Z";"2024-11-19T22:34:00.000Z";"2781";35.4477921846;35.6147898399;33.6379087038;34.2741077364;664506764.88;14019461855.18;"2024-11-19T23:59:59.999Z"
"2024-11-18T00:00:00.000Z";"2024-11-18T23:59:59.999Z";"2024-11-18T07:01:00.000Z";"2024-11-18T13:25:00.000Z";"2781";34.7380857727;36.1056976791;34.2557543259;35.4484572895;890069194.82;14499363093.88;"2024-11-18T23:59:59.999Z"
"2024-11-17T00:00:00.000Z";"2024-11-17T23:59:59.999Z";"2024-11-17T11:02:00.000Z";"2024-11-17T02:17:00.000Z";"2781";35.1146931103;37.1824774005;33.2241834265;34.7380857727;1172065142.44;14150864225.53;"2024-11-17T23:59:59.999Z"
"2024-11-16T00:00:00.000Z";"2024-11-16T23:59:59.999Z";"2024-11-16T15:02:00.000Z";"2024-11-16T00:47:00.000Z";"2781";33.0973704306;35.6113953981;32.8807857384;35.1146931103;833850531;14304190257.2;"2024-11-16T23:59:59.999Z"
"2024-11-15T00:00:00.000Z";"2024-11-15T23:59:59.999Z";"2024-11-15T22:47:00.000Z";"2024-11-15T04:52:00.000Z";"2781";31.160038566;33.2357123792;30.6640080836;33.1462174288;675943239.83;13502181972.03;"2024-11-15T23:59:59.999Z"
"2024-11-14T00:00:00.000Z";"2024-11-14T23:59:59.999Z";"2024-11-14T06:28:00.000Z";"2024-11-14T23:43:00.000Z";"2781";33.1333890128;34.6774609059;30.8001830335;31.1606702419;852265511.66;12693046961.06;"2024-11-14T23:59:59.999Z"
"2024-11-13T00:00:00.000Z";"2024-11-13T23:59:59.999Z";"2024-11-13T16:16:00.000Z";"2024-11-13T06:41:00.000Z";"2781";34.0459721119;35.0345391552;31.2721418917;33.1333890128;1511749058.54;13496779050.53;"2024-11-13T23:59:59.999Z"
"2024-11-12T00:00:00.000Z";"2024-11-12T23:59:59.999Z";"2024-11-12T09:06:00.000Z";"2024-11-12T13:54:00.000Z";"2781";35.7591988964;37.6436173478;32.8156209159;34.0467320851;1838315195.03;13867972476.6;"2024-11-12T23:59:59.999Z"
"2024-11-11T00:00:00.000Z";"2024-11-11T23:59:59.999Z";"2024-11-11T23:59:00.000Z";"2024-11-11T05:58:00.000Z";"2781";31.982670754;35.7618806941;30.7874032028;35.7591988964;1369370971.98;14565287979.24;"2024-11-11T23:59:59.999Z"
"2024-11-10T00:00:00.000Z";"2024-11-10T23:59:59.999Z";"2024-11-10T18:57:00.000Z";"2024-11-10T01:19:00.000Z";"2781";30.4179581595;33.2295829578;29.781012178;31.982670754;968497492.25;13026802584.66;"2024-11-10T23:59:59.999Z"
"2024-11-09T00:00:00.000Z";"2024-11-09T23:59:59.999Z";"2024-11-09T23:59:00.000Z";"2024-11-09T17:19:00.000Z";"2781";28.7761407425;30.4311340748;28.6006131981;30.4179465536;441332769.26;12389195142.18;"2024-11-09T23:59:59.999Z"
"2024-11-08T00:00:00.000Z";"2024-11-08T23:59:59.999Z";"2024-11-08T23:59:00.000Z";"2024-11-08T03:02:00.000Z";"2781";27.3831208943;28.7762564524;27.177440699;28.7761407425;437139762.4;11719973440.62;"2024-11-08T23:59:59.999Z"
"2024-11-07T00:00:00.000Z";"2024-11-07T23:59:59.999Z";"2024-11-07T03:01:00.000Z";"2024-11-07T14:50:00.000Z";"2781";27.0333439223;27.993211441;26.6101221247;27.3831208943;480668334.21;11150568921.83;"2024-11-07T23:59:59.999Z"
"2024-11-06T00:00:00.000Z";"2024-11-06T23:59:59.999Z";"2024-11-06T22:58:00.000Z";"2024-11-06T00:00:00.000Z";"2781";23.9954751848;27.2716469433;23.9954751848;27.0333439223;622787876.39;11008038445.08;"2024-11-06T23:59:59.999Z"
"2024-11-05T00:00:00.000Z";"2024-11-05T23:59:59.999Z";"2024-11-05T17:31:00.000Z";"2024-11-05T01:37:00.000Z";"2781";22.7059723719;24.4222512217;22.6153178836;23.9954751848;254877588.15;9769950937.59;"2024-11-05T23:59:59.999Z"
"2024-11-04T00:00:00.000Z";"2024-11-04T23:59:59.999Z";"2024-11-04T03:05:00.000Z";"2024-11-04T21:59:00.000Z";"2781";23.5382499779;23.8857094664;22.3801498177;22.7059723719;257203288.65;9244716564.37;"2024-11-04T23:59:59.999Z"
"2024-11-03T00:00:00.000Z";"2024-11-03T23:59:59.999Z";"2024-11-03T00:32:00.000Z";"2024-11-03T15:11:00.000Z";"2781";24.0881311707;24.1711977966;22.6307933679;23.5382499779;272834544.42;9583201163.8;"2024-11-03T23:59:59.999Z"
"2024-11-02T00:00:00.000Z";"2024-11-02T23:59:59.999Z";"2024-11-02T02:29:00.000Z";"2024-11-02T18:27:00.000Z";"2781";24.7905803446;25.0036679668;24.0083882223;24.0881311707;136177246.39;9807001526.03;"2024-11-02T23:59:59.999Z"
"2024-11-01T00:00:00.000Z";"2024-11-01T23:59:59.999Z";"2024-11-01T14:22:00.000Z";"2024-11-01T07:17:00.000Z";"2781";25.0171238714;25.6795446757;24.4317539371;24.7905803446;258046918.35;10092810471.9;"2024-11-01T23:59:59.999Z"
"2024-10-31T00:00:00.000Z";"2024-10-31T23:59:59.999Z";"2024-10-31T00:10:00.000Z";"2024-10-31T20:03:00.000Z";"2781";26.1982426321;26.1991061;24.6859761753;25.0171238714;228654285.27;10184651844.93;"2024-10-31T23:59:59.999Z"
"2024-10-30T00:00:00.000Z";"2024-10-30T23:59:59.999Z";"2024-10-30T00:07:00.000Z";"2024-10-30T13:43:00.000Z";"2781";26.8483782023;26.8658350662;26.0280693143;26.1982426321;242724462.48;10665225609.06;"2024-10-30T23:59:59.999Z"
"2024-10-29T00:00:00.000Z";"2024-10-29T23:59:59.999Z";"2024-10-29T17:37:00.000Z";"2024-10-29T00:10:00.000Z";"2781";26.2557653437;27.1206107789;26.1885909661;26.8483782023;266070222.27;10929481881.96;"2024-10-29T23:59:59.999Z"
"2024-10-28T00:00:00.000Z";"2024-10-28T23:59:59.999Z";"2024-10-28T22:28:00.000Z";"2024-10-28T05:34:00.000Z";"2781";25.7330356427;26.4758954621;25.0594819591;26.25590233;252758395.17;10688205069.52;"2024-10-28T23:59:59.999Z"
"2024-10-27T00:00:00.000Z";"2024-10-27T23:59:59.999Z";"2024-10-27T16:17:00.000Z";"2024-10-27T01:28:00.000Z";"2781";25.386613414;25.8787220921;25.237997202;25.7327521593;113629702.35;10474745311.81;"2024-10-27T23:59:59.999Z"
"2024-10-26T00:00:00.000Z";"2024-10-26T23:59:59.999Z";"2024-10-26T12:46:00.000Z";"2024-10-26T00:08:00.000Z";"2781";24.8929889167;25.6191617994;24.5929092525;25.386613414;185204600.15;10332782623.34;"2024-10-26T23:59:59.999Z"
"2024-10-25T00:00:00.000Z";"2024-10-25T23:59:59.999Z";"2024-10-25T00:05:00.000Z";"2024-10-25T23:25:00.000Z";"2781";26.8334125658;26.8398446364;24.1764805086;24.8929889167;353648637.16;10131825637.6;"2024-10-25T23:59:59.999Z"
"2024-10-24T00:00:00.000Z";"2024-10-24T23:59:59.999Z";"2024-10-24T21:25:00.000Z";"2024-10-24T09:51:00.000Z";"2781";26.758743267;27.2034756924;26.4226120866;26.8334125658;220372769.51;10920320054;"2024-10-24T23:59:59.999Z"
"2024-10-23T00:00:00.000Z";"2024-10-23T23:59:59.999Z";"2024-10-23T00:05:00.000Z";"2024-10-23T18:08:00.000Z";"2781";27.6038219135;27.6541352909;25.9240887675;26.6628719589;283121245.85;10850813375.12;"2024-10-23T23:59:59.999Z"
"2024-10-22T00:00:00.000Z";"2024-10-22T23:59:59.999Z";"2024-10-22T06:34:00.000Z";"2024-10-22T09:42:00.000Z";"2781";27.7496267813;28.186560234;27.2737680491;27.6038219135;287607239.63;11233684787.27;"2024-10-22T23:59:59.999Z"
"2024-10-21T00:00:00.000Z";"2024-10-21T23:59:59.999Z";"2024-10-21T00:40:00.000Z";"2024-10-21T16:37:00.000Z";"2781";28.9351683194;29.2782952117;27.4057768239;27.7496267813;307767782.17;11292836954;"2024-10-21T23:59:59.999Z"
"2024-10-20T00:00:00.000Z";"2024-10-20T23:59:59.999Z";"2024-10-20T23:36:00.000Z";"2024-10-20T04:16:00.000Z";"2781";28.1085497687;28.963705675;27.7798275769;28.9351683194;170244985.6;11773522683.72;"2024-10-20T23:59:59.999Z"
"2024-10-19T00:00:00.000Z";"2024-10-19T23:59:59.999Z";"2024-10-19T03:21:00.000Z";"2024-10-19T12:02:00.000Z";"2781";28.1005676685;28.4197253563;27.7433122938;28.1085497687;130507026.26;11436479970.21;"2024-10-19T23:59:59.999Z"
"2024-10-18T00:00:00.000Z";"2024-10-18T23:59:59.999Z";"2024-10-18T19:07:00.000Z";"2024-10-18T00:37:00.000Z";"2781";27.2623231096;28.1371384058;27.1117050523;28.1005676685;182973905.58;11433114986.85;"2024-10-18T23:59:59.999Z"
"2024-10-17T00:00:00.000Z";"2024-10-17T23:59:59.999Z";"2024-10-17T02:01:00.000Z";"2024-10-17T18:14:00.000Z";"2781";28.043021157;28.2291049966;26.8787834192;27.2610921907;246289159.38;11091984725.47;"2024-10-17T23:59:59.999Z"
"2024-10-16T00:00:00.000Z";"2024-10-16T23:59:59.999Z";"2024-10-16T00:00:00.000Z";"2024-10-16T07:45:00.000Z";"2781";28.1912934099;28.194527937;27.2751135811;28.043021157;344052071.85;11403608110.63;"2024-10-16T23:59:59.999Z"
"2024-10-15T00:00:00.000Z";"2024-10-15T23:59:59.999Z";"2024-10-15T14:03:00.000Z";"2024-10-15T15:10:00.000Z";"2781";29.0628161962;29.4988967366;27.6137741803;28.1912934099;525425042.94;11463024425.31;"2024-10-15T23:59:59.999Z"
"2024-10-14T00:00:00.000Z";"2024-10-14T23:59:59.999Z";"2024-10-14T04:34:00.000Z";"2024-10-14T00:55:00.000Z";"2781";29.1716066489;29.7954840497;28.6975850746;29.0628161962;383950328.25;11817184821.94;"2024-10-14T23:59:59.999Z"
"2024-10-13T00:00:00.000Z";"2024-10-13T23:59:59.999Z";"2024-10-13T10:26:00.000Z";"2024-10-13T18:16:00.000Z";"2781";28.6275324228;29.3059895625;28.3225590013;29.1714846977;324930237.37;11861132735.02;"2024-10-13T23:59:59.999Z"
"2024-10-12T00:00:00.000Z";"2024-10-12T23:59:59.999Z";"2024-10-12T15:40:00.000Z";"2024-10-12T00:00:00.000Z";"2781";27.4164080889;29.3353986901;27.4164080889;28.6275324228;382332550.07;11639843062.3;"2024-10-12T23:59:59.999Z"
"2024-10-11T00:00:00.000Z";"2024-10-11T23:59:59.999Z";"2024-10-11T22:53:00.000Z";"2024-10-11T01:16:00.000Z";"2781";25.8547176081;27.5367713905;25.7560223067;27.4164080889;275196332.3;11147275210.89;"2024-10-11T23:59:59.999Z"
"2024-10-10T00:00:00.000Z";"2024-10-10T23:59:59.999Z";"2024-10-10T07:03:00.000Z";"2024-10-10T18:29:00.000Z";"2781";25.7662820899;26.3075377739;25.0650645669;25.8547833487;277816995.11;10512246201.08;"2024-10-10T23:59:59.999Z"
"2024-10-09T00:00:00.000Z";"2024-10-09T23:59:59.999Z";"2024-10-09T01:39:00.000Z";"2024-10-09T14:49:00.000Z";"2781";26.3330681668;26.6492610129;25.6983597905;25.7662820899;291046814.65;10475444320.4;"2024-10-09T23:59:59.999Z"
"2024-10-08T00:00:00.000Z";"2024-10-08T23:59:59.999Z";"2024-10-08T03:02:00.000Z";"2024-10-08T15:37:00.000Z";"2781";26.5567742897;27.1475905004;26.0742570913;26.3330681668;279668835.47;10705453607.33;"2024-10-08T23:59:59.999Z"
"2024-10-07T00:00:00.000Z";"2024-10-07T23:59:59.999Z";"2024-10-07T14:26:00.000Z";"2024-10-07T23:59:00.000Z";"2781";26.9285723133;27.674048918;26.5567742897;26.5567742897;342346768.73;10794335748.83;"2024-10-07T23:59:59.999Z"
"2024-10-06T00:00:00.000Z";"2024-10-06T23:59:59.999Z";"2024-10-06T19:20:00.000Z";"2024-10-06T00:58:00.000Z";"2781";25.6907109427;27.0674568879;25.5219046744;26.9285723133;246688544.88;10945169181.25;"2024-10-06T23:59:59.999Z"
"2024-10-05T00:00:00.000Z";"2024-10-05T23:59:59.999Z";"2024-10-05T01:13:00.000Z";"2024-10-05T21:07:00.000Z";"2781";26.2412799844;26.3914738297;25.1337974159;25.6907109427;203836787.03;10441881111.1;"2024-10-05T23:59:59.999Z"
"2024-10-04T00:00:00.000Z";"2024-10-04T23:59:59.999Z";"2024-10-04T17:10:00.000Z";"2024-10-04T01:02:00.000Z";"2781";24.6534755588;26.4856012071;24.4650386075;26.2412799844;333503580.08;10665169822.56;"2024-10-04T23:59:59.999Z"
"2024-10-03T00:00:00.000Z";"2024-10-03T23:59:59.999Z";"2024-10-03T04:49:00.000Z";"2024-10-03T15:43:00.000Z";"2781";25.3812166885;25.6278804236;23.9434802185;24.6534755588;405957042.16;10019207105.55;"2024-10-03T23:59:59.999Z"
"2024-10-02T00:00:00.000Z";"2024-10-02T23:59:59.999Z";"2024-10-02T07:50:00.000Z";"2024-10-02T19:29:00.000Z";"2781";25.8662387305;26.7501167876;25.1083608412;25.3812166885;387669295.29;10314594978.42;"2024-10-02T23:59:59.999Z"
"2024-10-01T00:00:00.000Z";"2024-10-01T23:59:59.999Z";"2024-10-01T10:53:00.000Z";"2024-10-01T17:24:00.000Z";"2781";27.7389494134;28.8679976633;25.2284403275;25.8665158841;591569105.42;10510723625.42;"2024-10-01T23:59:59.999Z"
"2024-09-30T00:00:00.000Z";"2024-09-30T23:59:59.999Z";"2024-09-30T00:00:00.000Z";"2024-09-30T23:44:00.000Z";"2781";29.0698805216;29.0698805216;27.6125815891;27.7389494134;397914811.12;11268530077.6;"2024-09-30T23:59:59.999Z"
"2024-09-29T00:00:00.000Z";"2024-09-29T23:59:59.999Z";"2024-09-29T00:26:00.000Z";"2024-09-29T13:04:00.000Z";"2781";29.330692084;29.4519607496;28.312622855;29.0698805216;284304342.69;11803796536.31;"2024-09-29T23:59:59.999Z"
"2024-09-28T00:00:00.000Z";"2024-09-28T23:59:59.999Z";"2024-09-28T00:47:00.000Z";"2024-09-28T09:10:00.000Z";"2781";30.4492890556;30.7341663294;29.1050015311;29.330692084;278757606.82;11909651671.83;"2024-09-28T23:59:59.999Z"
"2024-09-27T00:00:00.000Z";"2024-09-27T23:59:59.999Z";"2024-09-27T14:53:00.000Z";"2024-09-27T01:49:00.000Z";"2781";29.1544990024;30.7847458912;28.9586387324;30.4492890556;429836780.85;12363746940.23;"2024-09-27T23:59:59.999Z"
"2024-09-26T00:00:00.000Z";"2024-09-26T23:59:59.999Z";"2024-09-26T16:31:00.000Z";"2024-09-26T01:40:00.000Z";"2781";27.2901442543;29.3995350981;26.9950293153;29.1544990024;481475076.5;11837445733.19;"2024-09-26T23:59:59.999Z"
"2024-09-25T00:00:00.000Z";"2024-09-25T23:59:59.999Z";"2024-09-25T00:00:00.000Z";"2024-09-25T23:46:00.000Z";"2781";28.4819229085;28.482555414;27.1904573663;27.2901442543;377318861.26;11080375866.71;"2024-09-25T23:59:59.999Z"
"2024-09-24T00:00:00.000Z";"2024-09-24T23:59:59.999Z";"2024-09-24T23:56:00.000Z";"2024-09-24T01:36:00.000Z";"2781";27.4071008087;28.5032272704;26.8915262673;28.4817599802;344591265.72;11563998693.62;"2024-09-24T23:59:59.999Z"
"2024-09-23T00:00:00.000Z";"2024-09-23T23:59:59.999Z";"2024-09-23T03:29:00.000Z";"2024-09-23T00:21:00.000Z";"2781";27.3371964754;28.1417925904;26.6777262505;27.4071008087;361459723.84;11127332627.75;"2024-09-23T23:59:59.999Z"
"2024-09-22T00:00:00.000Z";"2024-09-22T23:59:59.999Z";"2024-09-22T00:00:00.000Z";"2024-09-22T22:09:00.000Z";"2781";27.8476563511;27.8476563511;26.5195695661;27.3371964754;228253627.29;11098753064.1;"2024-09-22T23:59:59.999Z"
"2024-09-21T00:00:00.000Z";"2024-09-21T23:59:59.999Z";"2024-09-21T14:22:00.000Z";"2024-09-21T04:41:00.000Z";"2781";27.5999316052;28.0610683665;27.0579109308;27.8476563511;214929916.06;11305630298.69;"2024-09-21T23:59:59.999Z"
"2024-09-20T00:00:00.000Z";"2024-09-20T23:59:59.999Z";"2024-09-20T08:52:00.000Z";"2024-09-20T01:16:00.000Z";"2781";26.6558520815;28.6578862368;26.490614122;27.5999316052;526269388.01;11204514985.51;"2024-09-20T23:59:59.999Z"
"2024-09-19T00:00:00.000Z";"2024-09-19T23:59:59.999Z";"2024-09-19T23:04:00.000Z";"2024-09-19T00:00:00.000Z";"2781";24.6386505849;26.7504064584;24.6378868987;26.6557092244;450224105.51;10820356157.79;"2024-09-19T23:59:59.999Z"
"2024-09-18T00:00:00.000Z";"2024-09-18T23:59:59.999Z";"2024-09-18T23:59:00.000Z";"2024-09-18T16:06:00.000Z";"2781";23.7584006366;24.6386505849;22.8711994007;24.6386505849;284771341.08;10001420971.83;"2024-09-18T23:59:59.999Z"
"2024-09-17T00:00:00.000Z";"2024-09-17T23:59:59.999Z";"2024-09-17T16:04:00.000Z";"2024-09-17T01:41:00.000Z";"2781";23.5192316558;24.461422128;23.1752944909;23.7584006366;225254583.16;9643750910.57;"2024-09-17T23:59:59.999Z"
"2024-09-16T00:00:00.000Z";"2024-09-16T23:59:59.999Z";"2024-09-16T08:34:00.000Z";"2024-09-16T17:38:00.000Z";"2781";23.8376968346;24.2117130886;23.2582578117;23.5192316558;233303180.01;9545488660.83;"2024-09-16T23:59:59.999Z"
"2024-09-15T00:00:00.000Z";"2024-09-15T23:59:59.999Z";"2024-09-15T00:06:00.000Z";"2024-09-15T23:13:00.000Z";"2781";25.3305010113;25.3636103123;23.7359625402;23.8376968346;194956669.52;9673594334.57;"2024-09-15T23:59:59.999Z"
"2024-09-14T00:00:00.000Z";"2024-09-14T23:59:59.999Z";"2024-09-14T17:43:00.000Z";"2024-09-14T12:08:00.000Z";"2781";24.9526770048;25.648884605;24.6363447388;25.3305010113;183882257.71;10279279302.78;"2024-09-14T23:59:59.999Z"
"2024-09-13T00:00:00.000Z";"2024-09-13T23:59:59.999Z";"2024-09-13T22:52:00.000Z";"2024-09-13T05:01:00.000Z";"2781";24.0288890485;25.0930598819;23.6826887458;24.952271621;258822733.67;10125738054.97;"2024-09-13T23:59:59.999Z"
"2024-09-12T00:00:00.000Z";"2024-09-12T23:59:59.999Z";"2024-09-12T23:58:00.000Z";"2024-09-12T00:02:00.000Z";"2781";23.2969361764;24.0318255152;23.2852476657;24.0288890485;213390699.74;9740080120.26;"2024-09-12T23:59:59.999Z"
"2024-09-11T00:00:00.000Z";"2024-09-11T23:59:59.999Z";"2024-09-11T00:50:00.000Z";"2024-09-11T14:49:00.000Z";"2781";24.3601816051;24.4896589096;22.9332822645;23.2969361764;239140351.66;9442743211.65;"2024-09-11T23:59:59.999Z"
"2024-09-10T00:00:00.000Z";"2024-09-10T23:59:59.999Z";"2024-09-10T20:43:00.000Z";"2024-09-10T03:56:00.000Z";"2781";23.8596683312;24.536733328;23.6043839191;24.3599097209;207002559.05;9872452689.89;"2024-09-10T23:59:59.999Z"
"2024-09-09T00:00:00.000Z";"2024-09-09T23:59:59.999Z";"2024-09-09T17:10:00.000Z";"2024-09-09T00:53:00.000Z";"2781";23.2159669745;24.3073263227;23.1841100845;23.8596683312;284956740.1;9669518448.33;"2024-09-09T23:59:59.999Z"
"2024-09-08T00:00:00.000Z";"2024-09-08T23:59:59.999Z";"2024-09-08T22:31:00.000Z";"2024-09-08T00:49:00.000Z";"2781";21.7973452247;23.4663281838;21.7499504185;23.2159669745;236441926.89;9408538012.95;"2024-09-08T23:59:59.999Z"
"2024-09-07T00:00:00.000Z";"2024-09-07T23:59:59.999Z";"2024-09-07T15:35:00.000Z";"2024-09-07T01:55:00.000Z";"2781";21.1471588248;21.9783143478;21.0669842945;21.7973452247;138843986.81;8833554273.82;"2024-09-07T23:59:59.999Z"
"2024-09-06T00:00:00.000Z";"2024-09-06T23:59:59.999Z";"2024-09-06T13:25:00.000Z";"2024-09-06T21:04:00.000Z";"2781";21.3665608543;22.1343266137;20.5471682309;21.1473715406;305777163.91;8569940383.08;"2024-09-06T23:59:59.999Z"
"2024-09-05T00:00:00.000Z";"2024-09-05T23:59:59.999Z";"2024-09-05T01:49:00.000Z";"2024-09-05T19:47:00.000Z";"2781";21.8996953499;22.1693464115;21.2524556121;21.3665608543;159690610.37;8658024342.93;"2024-09-05T23:59:59.999Z"
"2024-09-04T00:00:00.000Z";"2024-09-04T23:59:59.999Z";"2024-09-04T16:37:00.000Z";"2024-09-04T01:06:00.000Z";"2781";21.383654936;22.2755383093;20.6964760146;21.8996650163;222847327.41;8873409208.29;"2024-09-04T23:59:59.999Z"
"2024-09-03T00:00:00.000Z";"2024-09-03T23:59:59.999Z";"2024-09-03T02:21:00.000Z";"2024-09-03T23:59:00.000Z";"2781";22.3688625834;22.6956101172;21.383654936;21.383654936;173297593.48;8664260097.99;"2024-09-03T23:59:59.999Z"
"2024-09-02T00:00:00.000Z";"2024-09-02T23:59:59.999Z";"2024-09-02T21:06:00.000Z";"2024-09-02T00:10:00.000Z";"2781";21.4481728173;22.5298722154;21.4012749643;22.3688625834;184335608.43;9058386863.55;"2024-09-02T23:59:59.999Z"
"2024-09-01T00:00:00.000Z";"2024-09-01T23:59:59.999Z";"2024-09-01T00:13:00.000Z";"2024-09-01T23:01:00.000Z";"2781";22.7975753742;22.8177330999;21.2356280192;21.4481728173;225766458.12;8685293817.55;"2024-09-01T23:59:59.999Z"
"2024-08-31T00:00:00.000Z";"2024-08-31T23:59:59.999Z";"2024-08-31T00:48:00.000Z";"2024-08-31T17:53:00.000Z";"2781";23.2869013492;23.3478358522;22.5490749441;22.7975753742;120764897.34;9231409358.36;"2024-08-31T23:59:59.999Z"
"2024-08-30T00:00:00.000Z";"2024-08-30T23:59:59.999Z";"2024-08-30T08:34:00.000Z";"2024-08-30T16:29:00.000Z";"2781";22.9067776461;23.6037015972;22.2790184459;23.2869013492;242434307.74;9429323455.07;"2024-08-30T23:59:59.999Z"
"2024-08-29T00:00:00.000Z";"2024-08-29T23:59:59.999Z";"2024-08-29T15:41:00.000Z";"2024-08-29T23:04:00.000Z";"2781";23.464335365;24.6531627621;22.8075158507;22.9063242308;274417039.13;9274907880.13;"2024-08-29T23:59:59.999Z"
"2024-08-28T00:00:00.000Z";"2024-08-28T23:59:59.999Z";"2024-08-28T10:01:00.000Z";"2024-08-28T16:37:00.000Z";"2781";24.1016378172;24.8066127107;23.2333800594;23.464335365;333317595.08;9500491215.53;"2024-08-28T23:59:59.999Z"
"2024-08-27T00:00:00.000Z";"2024-08-27T23:59:59.999Z";"2024-08-27T06:17:00.000Z";"2024-08-27T22:39:00.000Z";"2781";25.9562461359;26.7854821456;23.8075091365;24.1016378172;321291989.27;9757595843.93;"2024-08-27T23:59:59.999Z"
"2024-08-26T00:00:00.000Z";"2024-08-26T23:59:59.999Z";"2024-08-26T00:13:00.000Z";"2024-08-26T23:56:00.000Z";"2781";26.9649199787;27.1964997296;25.9345506034;25.9562461359;303438099.91;10508264623.46;"2024-08-26T23:59:59.999Z"
"2024-08-25T00:00:00.000Z";"2024-08-25T23:59:59.999Z";"2024-08-25T22:05:00.000Z";"2024-08-25T08:05:00.000Z";"2781";27.1658425415;27.6424400373;26.2205067058;26.9649199787;305158502.76;10916473635.13;"2024-08-25T23:59:59.999Z"
"2024-08-24T00:00:00.000Z";"2024-08-24T23:59:59.999Z";"2024-08-24T16:31:00.000Z";"2024-08-24T01:46:00.000Z";"2781";26.519619859;27.9983207316;26.2342531379;27.1658425415;340043250.67;10997711737.3;"2024-08-24T23:59:59.999Z"
"2024-08-23T00:00:00.000Z";"2024-08-23T23:59:59.999Z";"2024-08-23T21:22:00.000Z";"2024-08-23T00:01:00.000Z";"2781";25.2668972974;26.9673827192;25.2360997032;26.519518902;487111253.35;10735198884.91;"2024-08-23T23:59:59.999Z"
"2024-08-22T00:00:00.000Z";"2024-08-22T23:59:59.999Z";"2024-08-22T23:56:00.000Z";"2024-08-22T02:55:00.000Z";"2781";23.5274138919;25.274474039;23.1020047519;25.2670343164;342253539;10227701107.07;"2024-08-22T23:59:59.999Z"
"2024-08-21T00:00:00.000Z";"2024-08-21T23:59:59.999Z";"2024-08-21T20:33:00.000Z";"2024-08-21T00:00:00.000Z";"2781";22.2562937269;23.7634610779;22.2562937269;23.5274138919;293546446.4;9523331023.59;"2024-08-21T23:59:59.999Z"
"2024-08-20T00:00:00.000Z";"2024-08-20T23:59:59.999Z";"2024-08-20T20:28:00.000Z";"2024-08-20T00:10:00.000Z";"2781";21.2274121405;22.7596785867;21.2048051604;22.4251136015;283519502.22;9076784164.99;"2024-08-20T23:59:59.999Z"
"2024-08-19T00:00:00.000Z";"2024-08-19T23:59:59.999Z";"2024-08-19T23:55:00.000Z";"2024-08-19T14:32:00.000Z";"2781";20.8197012283;21.235275126;20.444748526;21.2274121405;165359093.64;8392733252.79;"2024-08-19T23:59:59.999Z"
"2024-08-18T00:00:00.000Z";"2024-08-18T23:59:59.999Z";"2024-08-18T21:13:00.000Z";"2024-08-18T02:08:00.000Z";"2781";20.6709440131;21.4927229757;20.5664909112;20.8197012283;151064029.83;8231364222.91;"2024-08-18T23:59:59.999Z"
"2024-08-17T00:00:00.000Z";"2024-08-17T23:59:59.999Z";"2024-08-17T23:59:00.000Z";"2024-08-17T00:37:00.000Z";"2781";20.3943760807;20.6710187058;20.2651088448;20.6709440131;101104215.11;8172427531.81;"2024-08-17T23:59:59.999Z"
"2024-08-16T00:00:00.000Z";"2024-08-16T23:59:59.999Z";"2024-08-16T20:31:00.000Z";"2024-08-16T15:37:00.000Z";"2781";20.141498938;20.6808119546;19.8572010766;20.3943760807;182512415.38;8063016016.18;"2024-08-16T23:59:59.999Z"
"2024-08-15T00:00:00.000Z";"2024-08-15T23:59:59.999Z";"2024-08-15T00:54:00.000Z";"2024-08-15T18:35:00.000Z";"2781";20.9726979446;21.1419967571;19.8986054786;20.1413376477;241013187.36;7962688282.85;"2024-08-15T23:59:59.999Z"
"2024-08-14T00:00:00.000Z";"2024-08-14T23:59:59.999Z";"2024-08-14T12:46:00.000Z";"2024-08-14T14:13:00.000Z";"2781";21.4040597277;21.8529439874;20.8399775431;20.9726979446;179944461.65;8291335416.64;"2024-08-14T23:59:59.999Z"
"2024-08-13T00:00:00.000Z";"2024-08-13T23:59:59.999Z";"2024-08-13T17:04:00.000Z";"2024-08-13T10:25:00.000Z";"2781";21.2895145059;21.6015503096;20.6484766755;21.4040597277;189686138.81;8461782484.37;"2024-08-13T23:59:59.999Z"
"2024-08-12T00:00:00.000Z";"2024-08-12T23:59:59.999Z";"2024-08-12T15:05:00.000Z";"2024-08-12T00:35:00.000Z";"2781";20.4285474457;21.6636492451;20.3789963318;21.2895145059;241874343.16;8411754450.51;"2024-08-12T23:59:59.999Z"
"2024-08-11T00:00:00.000Z";"2024-08-11T23:59:59.999Z";"2024-08-11T09:22:00.000Z";"2024-08-11T23:59:00.000Z";"2781";21.5883763644;22.3447625573;20.4273327057;20.4285474457;189436264.46;8071403159.51;"2024-08-11T23:59:59.999Z"
"2024-08-10T00:00:00.000Z";"2024-08-10T23:59:59.999Z";"2024-08-10T00:25:00.000Z";"2024-08-10T05:13:00.000Z";"2781";21.7741549306;22.0213320899;21.4396106209;21.5882605773;133818906.55;8529557528.44;"2024-08-10T23:59:59.999Z"
"2024-08-09T00:00:00.000Z";"2024-08-09T23:59:59.999Z";"2024-08-09T00:34:00.000Z";"2024-08-09T14:37:00.000Z";"2781";22.7371057523;22.7610735526;21.3562449856;21.7741549306;237335759.81;8602897083.68;"2024-08-09T23:59:59.999Z"
"2024-08-08T00:00:00.000Z";"2024-08-08T23:59:59.999Z";"2024-08-08T23:15:00.000Z";"2024-08-08T00:43:00.000Z";"2781";19.8293484485;22.7652275075;19.613391175;22.7371057523;296564440.59;8983200388.85;"2024-08-08T23:59:59.999Z"
"2024-08-07T00:00:00.000Z";"2024-08-07T23:59:59.999Z";"2024-08-07T05:40:00.000Z";"2024-08-07T22:25:00.000Z";"2781";20.8771943588;21.6860509703;19.7442905015;19.8293484485;285635733.15;7834239722.5;"2024-08-07T23:59:59.999Z"
"2024-08-06T00:00:00.000Z";"2024-08-06T23:59:59.999Z";"2024-08-06T18:20:00.000Z";"2024-08-06T00:01:00.000Z";"2781";19.5492612481;21.4486952986;19.5459911325;20.8771943588;352023956.77;8247848334.6;"2024-08-06T23:59:59.999Z"
"2024-08-05T00:00:00.000Z";"2024-08-05T23:59:59.999Z";"2024-08-05T00:07:00.000Z";"2024-08-05T13:31:00.000Z";"2781";21.2276689569;21.3383101302;17.4871939613;19.5493407388;987178110.85;7723026788.45;"2024-08-05T23:59:59.999Z"
"2024-08-04T00:00:00.000Z";"2024-08-04T23:59:59.999Z";"2024-08-04T02:37:00.000Z";"2024-08-04T17:46:00.000Z";"2781";22.6835676909;22.92548438;20.6678389375;21.2276689569;270824416.96;8386140698.26;"2024-08-04T23:59:59.999Z"
"2024-08-03T00:00:00.000Z";"2024-08-03T23:59:59.999Z";"2024-08-03T14:08:00.000Z";"2024-08-03T21:04:00.000Z";"2781";23.5946646655;24.0758130068;22.2501929049;22.6835676909;270795273.12;8961086966.44;"2024-08-03T23:59:59.999Z"
"2024-08-02T00:00:00.000Z";"2024-08-02T23:59:59.999Z";"2024-08-02T00:20:00.000Z";"2024-08-02T21:32:00.000Z";"2781";25.7231083152;25.854928511;23.4311341135;23.5945033752;325550806.94;9320332949.93;"2024-08-02T23:59:59.999Z"
"2024-08-01T00:00:00.000Z";"2024-08-01T23:59:59.999Z";"2024-08-01T00:41:00.000Z";"2024-08-01T18:13:00.000Z";"2781";25.7190888755;25.8835240022;24.1387013314;25.7231083152;296943608.93;10158977445.62;"2024-08-01T23:59:59.999Z"
"2024-07-31T00:00:00.000Z";"2024-07-31T23:59:59.999Z";"2024-07-31T19:04:00.000Z";"2024-07-31T21:37:00.000Z";"2781";26.3391888799;26.8224253471;25.4694627649;25.7190888755;274132419.92;10156324700.75;"2024-07-31T23:59:59.999Z"
"2024-07-30T00:00:00.000Z";"2024-07-30T23:59:59.999Z";"2024-07-30T07:20:00.000Z";"2024-07-30T20:11:00.000Z";"2781";27.0831106299;27.2885702265;26.1189312651;26.3391888799;233626463.81;10400621638.65;"2024-07-30T23:59:59.999Z"
"2024-07-29T00:00:00.000Z";"2024-07-29T23:59:59.999Z";"2024-07-29T10:37:00.000Z";"2024-07-29T23:59:00.000Z";"2781";27.4005569012;28.81195668;27.0831106299;27.0831106299;345660151.32;10694269261.04;"2024-07-29T23:59:59.999Z"
"2024-07-28T00:00:00.000Z";"2024-07-28T23:59:59.999Z";"2024-07-28T01:50:00.000Z";"2024-07-28T22:22:00.000Z";"2781";28.0848333845;28.1524988162;27.1629828988;27.4005744465;186939609.17;10819335875.02;"2024-07-28T23:59:59.999Z"
"2024-07-27T00:00:00.000Z";"2024-07-27T23:59:59.999Z";"2024-07-27T14:07:00.000Z";"2024-07-27T20:27:00.000Z";"2781";28.7092215612;29.4897394966;27.7291698199;28.0848333845;294617908.89;11088787237.8;"2024-07-27T23:59:59.999Z"
"2024-07-26T00:00:00.000Z";"2024-07-26T23:59:59.999Z";"2024-07-26T23:19:00.000Z";"2024-07-26T00:37:00.000Z";"2781";27.2573202456;28.8388341721;27.2005275306;28.7088392601;345076408.45;11334689322.85;"2024-07-26T23:59:59.999Z"
"2024-07-25T00:00:00.000Z";"2024-07-25T23:59:59.999Z";"2024-07-25T00:52:00.000Z";"2024-07-25T19:04:00.000Z";"2781";28.3960762739;28.5532005863;26.349036046;27.2572879713;400103089.22;10761389488.81;"2024-07-25T23:59:59.999Z"
"2024-07-24T00:00:00.000Z";"2024-07-24T23:59:59.999Z";"2024-07-24T09:22:00.000Z";"2024-07-24T23:40:00.000Z";"2781";29.8418559698;30.4904424942;28.3122297682;28.3963540225;447694426.78;11210841833.19;"2024-07-24T23:59:59.999Z"
"2024-07-23T00:00:00.000Z";"2024-07-23T23:59:59.999Z";"2024-07-23T02:49:00.000Z";"2024-07-23T17:14:00.000Z";"2781";31.8588971497;32.6059076215;29.5396802988;29.8410677955;474364433.23;11781538566.96;"2024-07-23T23:59:59.999Z"
"2024-07-22T00:00:00.000Z";"2024-07-22T23:59:59.999Z";"2024-07-22T00:35:00.000Z";"2024-07-22T14:54:00.000Z";"2781";32.6056601576;32.8899235818;31.4071835734;31.8588971497;499061367.71;12577786996.16;"2024-07-22T23:59:59.999Z"
"2024-07-21T00:00:00.000Z";"2024-07-21T23:59:59.999Z";"2024-07-21T22:08:00.000Z";"2024-07-21T07:04:00.000Z";"2781";29.1309802874;32.9478463357;28.6236682408;32.6056601576;758424815.25;12871385071.48;"2024-07-21T23:59:59.999Z"
"2024-07-20T00:00:00.000Z";"2024-07-20T23:59:59.999Z";"2024-07-20T23:49:00.000Z";"2024-07-20T13:19:00.000Z";"2781";28.1879937973;29.1671995236;27.8702791255;29.1309529323;247061759.34;11499555818.76;"2024-07-20T23:59:59.999Z"
"2024-07-19T00:00:00.000Z";"2024-07-19T23:59:59.999Z";"2024-07-19T21:26:00.000Z";"2024-07-19T08:19:00.000Z";"2781";27.137289518;28.4095790579;26.7075084642;28.1879937973;337996220.09;11127157844.9;"2024-07-19T23:59:59.999Z"
"2024-07-18T00:00:00.000Z";"2024-07-18T23:59:59.999Z";"2024-07-18T06:52:00.000Z";"2024-07-18T16:06:00.000Z";"2781";27.2518765352;27.9119722472;26.7118886278;27.1382971728;270954779.73;10711862961.38;"2024-07-18T23:59:59.999Z"
"2024-07-17T00:00:00.000Z";"2024-07-17T23:59:59.999Z";"2024-07-17T04:22:00.000Z";"2024-07-17T23:59:00.000Z";"2781";28.0310586827;28.9956903673;27.2532542225;27.2532542225;364404917.97;10757082294.36;"2024-07-17T23:59:59.999Z"
"2024-07-16T00:00:00.000Z";"2024-07-16T23:59:59.999Z";"2024-07-16T17:05:00.000Z";"2024-07-16T08:31:00.000Z";"2781";27.8491045268;29.2077475988;26.5368527689;28.0303294905;474045816.98;11062926219.09;"2024-07-16T23:59:59.999Z"
"2024-07-15T00:00:00.000Z";"2024-07-15T23:59:59.999Z";"2024-07-15T22:49:00.000Z";"2024-07-15T00:11:00.000Z";"2781";26.3763930686;27.8747165068;26.3183763547;27.8549275718;358080889.25;10989025790.29;"2024-07-15T23:59:59.999Z"
"2024-07-14T00:00:00.000Z";"2024-07-14T23:59:59.999Z";"2024-07-14T23:37:00.000Z";"2024-07-14T12:37:00.000Z";"2781";25.8718737105;26.6395188928;25.6599524656;26.3693579823;251852910.13;10402414260.59;"2024-07-14T23:59:59.999Z"
"2024-07-13T00:00:00.000Z";"2024-07-13T23:59:59.999Z";"2024-07-13T10:11:00.000Z";"2024-07-13T22:28:00.000Z";"2781";25.9736133041;26.2967354693;25.5719552518;25.8732450883;263193766.52;10205002559.61;"2024-07-13T23:59:59.999Z"
"2024-07-12T00:00:00.000Z";"2024-07-12T23:59:59.999Z";"2024-07-12T22:52:00.000Z";"2024-07-12T01:27:00.000Z";"2781";25.2228510026;26.0734823657;24.8803649323;25.9743535072;245057055.86;10244669201.05;"2024-07-12T23:59:59.999Z"
"2024-07-11T00:00:00.000Z";"2024-07-11T23:59:59.999Z";"2024-07-11T12:52:00.000Z";"2024-07-11T15:56:00.000Z";"2781";25.7673291656;26.3149166712;25.0848900345;25.2255188459;302646280.35;9949048620.08;"2024-07-11T23:59:59.999Z"
"2024-07-10T00:00:00.000Z";"2024-07-10T23:59:59.999Z";"2024-07-10T04:32:00.000Z";"2024-07-10T22:13:00.000Z";"2781";26.4243438288;27.376235648;25.656867944;25.7676655187;255672807.37;10162702690.16;"2024-07-10T23:59:59.999Z"
"2024-07-09T00:00:00.000Z";"2024-07-09T23:59:59.999Z";"2024-07-09T21:41:00.000Z";"2024-07-09T02:09:00.000Z";"2781";25.2199471471;26.4696088176;24.7792097657;26.4216014841;349286750.8;10420470593.05;"2024-07-09T23:59:59.999Z"
"2024-07-08T00:00:00.000Z";"2024-07-08T23:59:59.999Z";"2024-07-08T09:04:00.000Z";"2024-07-08T01:39:00.000Z";"2781";25.7152750446;27.155774549;24.6664982705;25.2221867111;457966073.12;9946659972.94;"2024-07-08T23:59:59.999Z"
"2024-07-07T00:00:00.000Z";"2024-07-07T23:59:59.999Z";"2024-07-07T00:05:00.000Z";"2024-07-07T21:32:00.000Z";"2781";27.4401383265;27.4533515797;25.517517366;25.7051303422;246740618.82;10135158115.52;"2024-07-07T23:59:59.999Z"
"2024-07-06T00:00:00.000Z";"2024-07-06T23:59:59.999Z";"2024-07-06T21:14:00.000Z";"2024-07-06T01:19:00.000Z";"2781";25.1294594115;27.5665600273;24.9748411955;27.4434257718;251584025.43;10820405746.17;"2024-07-06T23:59:59.999Z"
"2024-07-05T00:00:00.000Z";"2024-07-05T23:59:59.999Z";"2024-07-05T22:28:00.000Z";"2024-07-05T04:20:00.000Z";"2781";24.4359056041;25.4077273039;22.1256587101;25.1344192367;610525788.75;9909924099.87;"2024-07-05T23:59:59.999Z"
"2024-07-04T00:00:00.000Z";"2024-07-04T23:59:59.999Z";"2024-07-04T00:46:00.000Z";"2024-07-04T23:43:00.000Z";"2781";26.4898428225;26.630458105;24.3908458468;24.4464154891;534573188.91;9636936339.77;"2024-07-04T23:59:59.999Z"
"2024-07-03T00:00:00.000Z";"2024-07-03T23:59:59.999Z";"2024-07-03T00:26:00.000Z";"2024-07-03T21:24:00.000Z";"2781";28.6423063846;28.9027640856;26.447532043;26.4912962322;340094711.74;10442664923.37;"2024-07-03T23:59:59.999Z"
"2024-07-02T00:00:00.000Z";"2024-07-02T23:59:59.999Z";"2024-07-02T00:28:00.000Z";"2024-07-02T07:40:00.000Z";"2781";28.8150029051;28.8502163249;28.081689276;28.6426426607;250229605.48;11290506591.24;"2024-07-02T23:59:59.999Z"
"2024-07-01T00:00:00.000Z";"2024-07-01T23:59:59.999Z";"2024-07-01T09:10:00.000Z";"2024-07-01T23:59:00.000Z";"2781";29.3504956399;30.0285438079;28.816136835;28.816136835;296949143.61;11357963347.65;"2024-07-01T23:59:59.999Z"
"2024-06-30T00:00:00.000Z";"2024-06-30T23:59:59.999Z";"2024-06-30T23:04:00.000Z";"2024-06-30T02:52:00.000Z";"2781";27.7254213491;29.4488938079;27.4114304514;29.3608759742;255192412.11;11571564857.13;"2024-06-30T23:59:59.999Z"
"2024-06-29T00:00:00.000Z";"2024-06-29T23:59:59.999Z";"2024-06-29T06:04:00.000Z";"2024-06-29T14:43:00.000Z";"2781";27.8976184794;28.5892920144;27.5795011528;27.7255071327;191296681.13;10926502356.93;"2024-06-29T23:59:59.999Z"
"2024-06-28T00:00:00.000Z";"2024-06-28T23:59:59.999Z";"2024-06-28T13:49:00.000Z";"2024-06-28T01:16:00.000Z";"2781";27.8944414164;28.9299683829;27.6935051479;27.8957865856;328243749.33;10988121128.7;"2024-06-28T23:59:59.999Z"
"2024-06-27T00:00:00.000Z";"2024-06-27T23:59:59.999Z";"2024-06-27T18:41:00.000Z";"2024-06-27T02:07:00.000Z";"2781";25.8018129429;28.291244226;25.3695413406;27.8952980607;359682497.64;10987089064.81;"2024-06-27T23:59:59.999Z"
"2024-06-26T00:00:00.000Z";"2024-06-26T23:59:59.999Z";"2024-06-26T20:10:00.000Z";"2024-06-26T00:47:00.000Z";"2781";25.3984899101;26.6026290287;25.3094709583;25.8035992946;341321540.55;10162953467.19;"2024-06-26T23:59:59.999Z"
"2024-06-25T00:00:00.000Z";"2024-06-25T23:59:59.999Z";"2024-06-25T14:38:00.000Z";"2024-06-25T00:49:00.000Z";"2781";24.8305242972;25.7247748503;24.6300233411;25.399450558;240499665.66;10001314916.05;"2024-06-25T23:59:59.999Z"
"2024-06-24T00:00:00.000Z";"2024-06-24T23:59:59.999Z";"2024-06-24T01:31:00.000Z";"2024-06-24T20:31:00.000Z";"2781";25.0533876689;25.1795470446;23.6494639819;24.8313164765;451738261.99;9777513501.62;"2024-06-24T23:59:59.999Z"
"2024-06-23T00:00:00.000Z";"2024-06-23T23:59:59.999Z";"2024-06-23T03:53:00.000Z";"2024-06-23T16:57:00.000Z";"2781";25.6161648096;25.9717714254;24.1958120712;25.0512016892;388408327.28;9863765937.42;"2024-06-23T23:59:59.999Z"
"2024-06-22T00:00:00.000Z";"2024-06-22T23:59:59.999Z";"2024-06-22T00:03:00.000Z";"2024-06-22T05:58:00.000Z";"2781";27.4498927752;27.4687999204;24.6715099389;25.617315414;568500433.73;10086502690.6;"2024-06-22T23:59:59.999Z"
"2024-06-21T00:00:00.000Z";"2024-06-21T23:59:59.999Z";"2024-06-21T05:05:00.000Z";"2024-06-21T17:38:00.000Z";"2781";27.5438850262;27.9840879975;26.9767513986;27.4504387586;229113420.84;10808200150.96;"2024-06-21T23:59:59.999Z"
"2024-06-20T00:00:00.000Z";"2024-06-20T23:59:59.999Z";"2024-06-20T11:17:00.000Z";"2024-06-20T03:07:00.000Z";"2781";26.891940653;28.8451363208;26.7174379875;27.5444082515;295674925.81;10836183140.12;"2024-06-20T23:59:59.999Z"
"2024-06-19T00:00:00.000Z";"2024-06-19T23:59:59.999Z";"2024-06-19T17:25:00.000Z";"2024-06-19T00:27:00.000Z";"2781";26.6177824794;27.5891310654;26.4200973715;26.891940653;214897798.03;10579106140.03;"2024-06-19T23:59:59.999Z"
"2024-06-18T00:00:00.000Z";"2024-06-18T23:59:59.999Z";"2024-06-18T00:07:00.000Z";"2024-06-18T01:46:00.000Z";"2781";28.4761636448;28.4941248718;25.3829994446;26.6188638632;449168309.98;10470659058.11;"2024-06-18T23:59:59.999Z"
"2024-06-17T00:00:00.000Z";"2024-06-17T23:59:59.999Z";"2024-06-17T00:40:00.000Z";"2024-06-17T16:22:00.000Z";"2781";30.0424433715;30.3074050187;27.4255130731;28.4801544638;322647280.68;11202389060.47;"2024-06-17T23:59:59.999Z"
"2024-06-16T00:00:00.000Z";"2024-06-16T23:59:59.999Z";"2024-06-16T06:56:00.000Z";"2024-06-16T19:06:00.000Z";"2781";29.9885641291;30.4352177067;29.6767231707;30.0388690385;183019541.99;11815311225.36;"2024-06-16T23:59:59.999Z"
"2024-06-15T00:00:00.000Z";"2024-06-15T23:59:59.999Z";"2024-06-15T06:19:00.000Z";"2024-06-15T20:28:00.000Z";"2781";30.2894948046;30.6058342883;29.9377821909;29.9875383677;160233357.33;11794973036.65;"2024-06-15T23:59:59.999Z"
"2024-06-14T00:00:00.000Z";"2024-06-14T23:59:59.999Z";"2024-06-14T09:28:00.000Z";"2024-06-14T19:55:00.000Z";"2781";30.9814138362;32.0636860947;29.3127300977;30.2910381062;375634359.15;11913470973.52;"2024-06-14T23:59:59.999Z"
"2024-06-13T00:00:00.000Z";"2024-06-13T23:59:59.999Z";"2024-06-13T00:46:00.000Z";"2024-06-13T23:14:00.000Z";"2781";33.2712235318;33.3905057017;30.9408160742;30.9832147579;288165398.91;12185374882.34;"2024-06-13T23:59:59.999Z"
"2024-06-12T00:00:00.000Z";"2024-06-12T23:59:59.999Z";"2024-06-12T17:58:00.000Z";"2024-06-12T01:49:00.000Z";"2781";31.5415351877;33.9482927994;30.8694651244;33.273411353;393798585.5;13085908050.05;"2024-06-12T23:59:59.999Z"
"2024-06-11T00:00:00.000Z";"2024-06-11T23:59:59.999Z";"2024-06-11T08:34:00.000Z";"2024-06-11T17:30:00.000Z";"2781";32.2745503157;32.3513442786;30.6693619088;31.5414760879;431914740.14;12404354191.06;"2024-06-11T23:59:59.999Z"
"2024-06-10T00:00:00.000Z";"2024-06-10T23:59:59.999Z";"2024-06-10T02:10:00.000Z";"2024-06-10T08:03:00.000Z";"2781";32.9684021773;33.4279473422;32.0682460305;32.274228843;339010384.79;12692433071.37;"2024-06-10T23:59:59.999Z"
"2024-06-09T00:00:00.000Z";"2024-06-09T23:59:59.999Z";"2024-06-09T19:26:00.000Z";"2024-06-09T03:26:00.000Z";"2781";32.2904210433;33.0000993634;32.095874668;32.9683680655;225586790.09;12965087441.05;"2024-06-09T23:59:59.999Z"
"2024-06-08T00:00:00.000Z";"2024-06-08T23:59:59.999Z";"2024-06-08T03:37:00.000Z";"2024-06-08T22:29:00.000Z";"2781";33.5066497813;33.6950165021;31.9956757001;32.2900300162;283275580.86;12698234083.61;"2024-06-08T23:59:59.999Z"
"2024-06-07T00:00:00.000Z";"2024-06-07T23:59:59.999Z";"2024-06-07T14:52:00.000Z";"2024-06-07T18:16:00.000Z";"2781";35.9118190286;36.8263870386;31.6257359022;33.5077890883;639619594.87;13177033830.28;"2024-06-07T23:59:59.999Z"
"2024-06-06T00:00:00.000Z";"2024-06-06T23:59:59.999Z";"2024-06-06T15:35:00.000Z";"2024-06-06T20:04:00.000Z";"2781";36.5218949157;37.1436369643;35.7800696385;35.9118169316;288389895.4;14122118994.05;"2024-06-06T23:59:59.999Z"
"2024-06-05T00:00:00.000Z";"2024-06-05T23:59:59.999Z";"2024-06-05T18:07:00.000Z";"2024-06-05T14:17:00.000Z";"2781";36.073288425;36.8763667851;35.9809485259;36.5215885592;338905421.26;14361637689.11;"2024-06-05T23:59:59.999Z"
"2024-06-04T00:00:00.000Z";"2024-06-04T23:59:59.999Z";"2024-06-04T18:31:00.000Z";"2024-06-04T10:02:00.000Z";"2781";35.0404684358;36.2290169897;34.5719770437;36.073288425;331619264.88;14184438962.24;"2024-06-04T23:59:59.999Z"
"2024-06-03T00:00:00.000Z";"2024-06-03T23:59:59.999Z";"2024-06-03T08:41:00.000Z";"2024-06-03T00:40:00.000Z";"2781";34.9325111685;36.2376913812;34.6283141598;35.0404684358;367614939.12;13777955181.91;"2024-06-03T23:59:59.999Z"
"2024-06-02T00:00:00.000Z";"2024-06-02T23:59:59.999Z";"2024-06-02T05:07:00.000Z";"2024-06-02T20:23:00.000Z";"2781";35.7601262796;36.1291190577;34.7851515975;34.9324904626;242436677.59;13733430995.9;"2024-06-02T23:59:59.999Z"
"2024-06-01T00:00:00.000Z";"2024-06-01T23:59:59.999Z";"2024-06-01T14:40:00.000Z";"2024-06-01T23:46:00.000Z";"2781";36.05585327;36.183752471;35.6951314825;35.7601143888;153306281.98;14057808825.91;"2024-06-01T23:59:59.999Z"
"2024-05-31T00:00:00.000Z";"2024-05-31T23:59:59.999Z";"2024-05-31T12:40:00.000Z";"2024-05-31T16:16:00.000Z";"2781";35.987576746;36.7342695158;35.2192441672;36.0558639029;304849132.55;14172718525.52;"2024-05-31T23:59:59.999Z"
"2024-05-30T00:00:00.000Z";"2024-05-30T23:59:59.999Z";"2024-05-30T17:43:00.000Z";"2024-05-30T08:16:00.000Z";"2781";36.1369242717;37.0575451121;35.3328248986;35.987576746;400927204.93;14143642505.81;"2024-05-30T23:59:59.999Z"
"2024-05-29T00:00:00.000Z";"2024-05-29T23:59:59.999Z";"2024-05-29T06:31:00.000Z";"2024-05-29T23:53:00.000Z";"2781";36.9953961779;37.4198595075;36.1272067035;36.1369225774;386815665.35;14198926033.38;"2024-05-29T23:59:59.999Z"
"2024-05-28T00:00:00.000Z";"2024-05-28T23:59:59.999Z";"2024-05-28T01:43:00.000Z";"2024-05-28T04:37:00.000Z";"2781";38.2343180179;38.3322764342;36.5601317598;36.9953961779;499550167.82;14536105942.36;"2024-05-28T23:59:59.999Z"